2017.04.11,00:00,21.8,22.97,21.76,22.39,18483
2017.04.12,00:00,22.44,22.98,22.29,22.95,4782
2017.04.13,00:00,22.96,23,22.54,22.98,2125
2017.04.17,00:00,22.99,22.99,22.61,22.84,1176
2017.04.18,00:00,22.81,24.78,22.59,23.9,3013
2017.04.19,00:00,23.99,24.33,23.89,23.91,1454
2017.04.20,00:00,24.1,24.38,23.5,23.85,2798
2017.04.24,00:00,24.09,24.41,23.69,24.19,1228
2017.04.25,00:00,24.19,24.24,23.92,24.09,1524
2017.04.26,00:00,24.01,24.38,23.7,23.93,1854
2017.04.27,00:00,23.6,23.84,23.23,23.72,679
2017.04.28,00:00,23.72,24.08,23.7,23.95,658
2017.05.02,00:00,23.99,25.69,23.96,25.39,1761
2017.05.03,00:00,25.42,25.9,25,25.49,855
2017.05.04,00:00,25.42,26.48,25.39,26.25,1029
2017.05.05,00:00,26.98,26.98,26.19,26.59,667
2017.05.08,00:00,26.6,27.43,25.63,25.99,1977
2017.05.09,00:00,26.46,26.49,25.6,25.79,1154
2017.05.10,00:00,25.81,26.38,25.63,25.68,1406
2017.05.11,00:00,25.59,25.67,24.87,25.24,1305
2017.05.12,00:00,25.78,25.78,24.89,25.24,1009
2017.05.15,00:00,26.68,26.68,25.35,25.67,3987
2017.05.16,00:00,25.88,26.29,25.69,26.29,1051
2017.05.17,00:00,26.33,26.89,25.99,26.49,2119
2017.05.18,00:00,22.99,24.13,21.75,22.71,5953
2017.05.19,00:00,23.6,23.94,22.99,22.99,3333
2017.05.22,00:00,23.11,23.11,21.71,22.19,6727
2017.05.23,00:00,22.22,22.61,21.79,22.03,2150
2017.05.24,00:00,22.09,24.71,22.09,23.94,3860
2017.05.25,00:00,24.11,25.63,24.11,25.1,7167
2017.05.26,00:00,25.32,25.52,25.01,25.2,2891
2017.05.29,00:00,25.21,25.21,24.8,24.8,369
2017.05.30,00:00,24.8,25.32,24.8,24.84,1770
2017.05.31,00:00,24.99,25.12,23.58,23.58,1053
2017.06.01,00:00,24.19,24.27,22.99,22.99,882
2017.06.02,00:00,23.39,23.66,22.72,23.15,696
2017.06.05,00:00,22.65,23.67,22.65,23.59,444
2017.06.06,00:00,24.29,24.29,23,23.46,1068
2017.06.07,00:00,23.99,23.99,23.35,23.56,1040
2017.06.08,00:00,23.56,23.56,22.79,22.89,535
2017.06.09,00:00,23.18,23.24,22.84,23.14,351
2017.06.12,00:00,23.23,23.3,22.69,22.69,652
2017.06.13,00:00,22.79,23.71,22.29,23.34,1124
2017.06.14,00:00,23.34,23.55,22.7,22.89,1061
2017.06.16,00:00,22.64,22.99,22.52,22.56,304
2017.06.19,00:00,22.41,22.69,22.36,22.59,694
2017.06.20,00:00,22.59,23.39,22.47,22.94,533
2017.06.21,00:00,22.97,23.28,22.77,22.99,914
2017.06.22,00:00,23.2,23.2,22.74,22.79,367
2017.06.23,00:00,22.85,23.62,22.82,23.3,651
2017.06.26,00:00,23.55,23.55,23.17,23.34,1074
2017.06.27,00:00,23.26,23.51,23.2,23.24,989
2017.06.28,00:00,23.25,23.46,22.86,23.07,665
2017.06.29,00:00,23.06,23.34,22.79,23.12,495
2017.06.30,00:00,22.89,23.44,22.89,23.44,719
2017.07.03,00:00,23.44,23.75,23.37,23.75,1268
2017.07.04,00:00,23.69,23.91,23.63,23.91,59
2017.07.05,00:00,23.64,24.26,23.61,24.26,1294
2017.07.06,00:00,24.04,24.4,23.79,24.16,688
2017.07.07,00:00,24.25,25.36,24.09,25.02,1424
2017.07.10,00:00,25.03,25.65,24.99,25.29,522
2017.07.11,00:00,25.45,25.45,24.82,24.95,480
2017.07.12,00:00,25.46,25.46,24.8,24.95,619
2017.07.13,00:00,25.28,25.44,25.08,25.08,439
2017.07.14,00:00,25.1,25.41,24.99,25.2,408
2017.07.17,00:00,25.19,25.98,25,25.86,1734
2017.07.18,00:00,25.97,26.36,25.79,26.07,1388
2017.07.19,00:00,26.13,26.74,26.13,26.49,617
2017.07.20,00:00,26.53,26.53,25.69,25.99,1238
2017.07.21,00:00,25.97,26.24,25.34,26.24,406
2017.07.24,00:00,26.26,26.44,26.05,26.32,1282
2017.07.25,00:00,26.32,26.64,26.29,26.52,550
2017.07.26,00:00,26.52,26.73,26.24,26.69,1078
2017.07.27,00:00,26.71,26.77,26.16,26.59,935
2017.07.28,00:00,26.44,26.74,25.61,26.6,779
2017.07.31,00:00,26.59,27.73,26.39,27.29,1021
2017.08.01,00:00,27.29,27.71,26.69,27.19,802
2017.08.02,00:00,26.99,27.49,26.76,27.41,2214
2017.08.03,00:00,27.22,28.03,27.15,28.03,1779
2017.08.04,00:00,28.07,28.35,27.49,27.79,1640
2017.08.07,00:00,27.89,28.07,27.52,27.61,488
2017.08.08,00:00,27.71,28.22,27.56,27.69,724
2017.08.09,00:00,27.6,28.14,26.99,27.99,1075
2017.08.10,00:00,27.72,27.74,26.75,27.48,919
2017.08.11,00:00,27.48,27.48,26.14,26.99,2140
2017.08.14,00:00,27.19,27.95,27.03,27.49,755
2017.08.15,00:00,27.69,27.89,27.1,27.2,615
2017.08.16,00:00,27.16,27.48,26.88,27.39,621
2017.08.17,00:00,27.2,27.2,26.37,26.59,752
2017.08.18,00:00,26.74,27.34,25.92,26.69,850
2017.08.21,00:00,26.69,26.74,26.16,26.19,565
2017.08.22,00:00,26.39,26.77,25.99,26.69,564
2017.08.23,00:00,26.5,26.78,25.87,25.99,975
2017.08.24,00:00,26,26.34,26,26.09,419
2017.08.25,00:00,26.34,26.39,26.1,26.39,798
2017.08.28,00:00,26.39,26.49,25.99,26.09,417
2017.08.29,00:00,26.14,26.49,26.04,26.29,642
2017.08.30,00:00,26.21,26.36,25.67,26.14,997
2017.08.31,00:00,26.14,26.59,25.49,26.54,1045
2017.09.01,00:00,26.54,26.88,26.32,26.88,1261
2017.09.04,00:00,26.99,27.35,26.89,27.17,574
2017.09.05,00:00,27.24,27.58,26.87,27.3,1304
2017.09.06,00:00,27.26,27.85,27.14,27.83,1750
2017.09.08,00:00,27.83,27.83,27.29,27.63,2041
2017.09.11,00:00,27.68,27.98,27.43,27.89,897
2017.09.12,00:00,27.99,27.99,26.19,26.43,3703
2017.09.13,00:00,26.69,27.9,26.21,27.9,3783
2017.09.14,00:00,27.79,29.69,27.49,28.8,4983
2017.09.15,00:00,28.29,30.24,28.2,29.99,19753
2017.09.18,00:00,30.21,30.39,29.68,29.8,3731
2017.09.19,00:00,29.84,30.03,28.49,30.03,3753
2017.09.20,00:00,30.04,30.71,29.67,30.3,3714
2017.09.21,00:00,30.23,30.88,29.74,30.38,3052
2017.09.22,00:00,30.12,30.13,29.4,29.84,1336
2017.09.25,00:00,29.92,30.14,27.89,29.39,2356
2017.09.26,00:00,29.38,29.66,28.69,28.87,972
2017.09.27,00:00,28.9,29.15,27.55,28.76,2609
2017.09.28,00:00,28.54,28.54,27.78,28.24,1662
2017.09.29,00:00,28.31,29.19,28.29,29.19,2285
2017.10.02,00:00,29.19,29.19,28.71,28.71,1445
2017.10.03,00:00,28.59,30.39,28.59,29.89,1513
2017.10.04,00:00,29.79,30.15,29.39,29.89,740
2017.10.05,00:00,30.09,30.59,30.05,30.11,1444
2017.10.06,00:00,29.68,30.43,29.49,30.05,1196
2017.10.09,00:00,30.14,30.34,29.71,29.99,744
2017.10.10,00:00,30.19,30.84,30.09,30.39,1055
2017.10.11,00:00,30.5,30.51,29.54,29.84,2281
2017.10.13,00:00,29.88,29.88,29.01,29.19,1900
2017.10.16,00:00,29.1,29.26,27.75,28.7,2409
2017.10.17,00:00,28.49,28.62,28.04,28.44,935
2017.10.18,00:00,28.58,29.24,28.46,28.9,1718
2017.10.19,00:00,28.89,29.18,27.55,28.49,2344
2017.10.20,00:00,28.7,29.34,28.49,29.29,1116
2017.10.23,00:00,29.13,29.48,28.64,29.05,2351
2017.10.24,00:00,28.86,29.98,28.53,29.96,2190
2017.10.25,00:00,29.98,30.51,29.5,29.99,1258
2017.10.26,00:00,29.73,29.98,29.33,29.59,2304
2017.10.27,00:00,29.43,29.93,29.27,29.93,1825
2017.10.30,00:00,29.69,29.69,28.2,28.49,2226
2017.10.31,00:00,28.49,28.49,27.39,27.39,1492
2017.11.01,00:00,27.49,27.94,26.99,27.35,1495
2017.11.03,00:00,27.35,27.67,26.34,26.79,3925
2017.11.06,00:00,27.58,27.58,26.56,26.83,974
2017.11.07,00:00,26.39,26.57,25.44,25.89,3792
2017.11.08,00:00,26.14,27.29,26.1,26.99,3945
2017.11.09,00:00,27.75,28.9,26.79,27.19,4270
2017.11.10,00:00,27.44,27.69,26.54,27.08,2912
2017.11.13,00:00,26.64,27.08,26.36,26.79,2028
2017.11.14,00:00,26.84,26.99,26.1,26.43,3520
2017.11.16,00:00,26.26,26.89,26.26,26.69,3160
2017.11.17,00:00,26.91,26.91,26.54,26.72,2051
2017.11.21,00:00,27.29,28.49,27.02,27.99,4440
2017.11.22,00:00,28.04,28.09,27.29,27.87,1420
2017.11.23,00:00,27.63,28.39,27.47,27.8,531
2017.11.24,00:00,28.03,28.19,27.75,28.08,1521
2017.11.27,00:00,28.04,28.19,27.75,27.95,820
2017.11.28,00:00,27.76,28.33,27.76,28.14,1978
2017.11.29,00:00,28.14,28.3,27.65,27.74,1870
2017.11.30,00:00,27.32,27.43,25.98,26.86,5521
2017.12.01,00:00,26.84,27.25,26.37,26.94,3642
2017.12.04,00:00,26.98,27.65,26.98,27.24,3487
2017.12.05,00:00,27.27,27.68,27.02,27.06,3895
2017.12.06,00:00,26.99,27.28,26.84,26.99,2178
2017.12.07,00:00,26.98,27.4,26.29,26.98,2533
2017.12.08,00:00,27.05,27.77,26.84,26.89,2174
2017.12.11,00:00,27.08,27.09,26.33,26.69,2246
2017.12.12,00:00,26.42,27.03,26.15,26.82,2201
2017.12.13,00:00,27.29,27.29,26.4,26.54,5162
2017.12.14,00:00,26.25,26.54,25.86,26.27,3137
2017.12.15,00:00,26.53,26.61,25.59,25.59,8018
2017.12.18,00:00,26,26,25.7,25.79,2634
2017.12.19,00:00,25.83,25.96,25.5,25.89,1633
2017.12.20,00:00,26.06,26.34,25.9,26.16,1156
2017.12.21,00:00,26.49,26.73,26.14,26.49,1789
2017.12.22,00:00,26.3,26.68,26.23,26.49,1830
2017.12.26,00:00,26.49,26.6,26.25,26.44,468
2017.12.27,00:00,26.64,26.65,26,26.33,1527
2017.12.28,00:00,26.52,26.89,26.38,26.89,4487
2018.01.02,00:00,26.99,27.36,26.88,27.14,2548
2018.01.03,00:00,26.99,27.26,26.61,27.05,1606
2018.01.04,00:00,26.83,27.46,26.83,27.22,2765
2018.01.05,00:00,27.3,27.59,26.59,27.19,3012
2018.01.08,00:00,27.19,27.19,26.75,26.9,991
2018.01.09,00:00,26.77,26.99,26.46,26.79,919
2018.01.10,00:00,26.68,27.15,26.36,26.44,2684
2018.01.11,00:00,26.44,27.23,26.27,26.54,5014
2018.01.12,00:00,26.54,26.72,25.64,26.39,4059
2018.01.15,00:00,26.49,26.97,26.08,26.97,1513
2018.01.16,00:00,26.83,27.49,26.6,27.14,1931
2018.01.17,00:00,27.25,28.49,27.2,28.14,1328
2018.01.18,00:00,27.8,28.86,27.79,28.86,3653
2018.01.19,00:00,28.88,29.27,28.51,28.61,2353
2018.01.22,00:00,28.59,28.99,27.95,28.99,2310
2018.01.23,00:00,28.96,28.96,28.4,28.94,1447
2018.01.24,00:00,28.98,29.67,28.95,29.49,4192
2018.01.26,00:00,29.42,30.19,29.4,30,5419
2018.01.29,00:00,29.88,30.65,29.34,30.27,2913
2018.01.30,00:00,30.26,30.69,29.79,30.46,3307
2018.01.31,00:00,30.54,31.69,30.54,31.04,4336
2018.02.01,00:00,31.04,31.99,31.04,31.89,2703
2018.02.02,00:00,31.88,31.88,30.57,31.19,2732
2018.02.05,00:00,31.18,31.26,30.44,30.74,1290
2018.02.06,00:00,30.74,31.43,29.99,31.39,2953
2018.02.07,00:00,31.49,31.9,30.94,31.09,2890
2018.02.08,00:00,31.36,31.36,29.97,30.19,2469
2018.02.09,00:00,30,30.06,29.09,29.33,3442
2018.02.14,00:00,29.89,29.95,29.61,29.78,1583
2018.02.15,00:00,29.99,30.19,29.7,29.75,1923
2018.02.16,00:00,29.84,29.96,29.35,29.4,1580
2018.02.19,00:00,29.39,29.68,29.21,29.39,931
2018.02.20,00:00,29.59,30.59,29.49,30.39,6211
2018.02.21,00:00,30.49,31.39,30.29,31.25,7875
2018.02.22,00:00,31.3,32.49,31.3,32.48,7176
2018.02.23,00:00,32.49,33.17,32.08,32.89,4411
2018.02.26,00:00,33.51,34.08,33.19,33.75,4838
2018.02.27,00:00,33.19,33.66,33.19,33.66,3016
2018.02.28,00:00,33.69,33.71,33.2,33.62,3305
2018.03.01,00:00,33.49,33.79,32.64,33.32,2340
2018.03.02,00:00,33.26,33.26,32.14,32.89,2758
2018.03.05,00:00,32.98,33.65,32.54,33.17,3316
2018.03.06,00:00,33.22,34.37,32.71,33.69,6666
2018.03.07,00:00,33.49,33.83,33.03,33.39,3056
2018.03.08,00:00,33.89,34.99,33.8,34.99,9043
2018.03.09,00:00,34.98,36.59,34.44,36.49,11229
2018.03.12,00:00,36.29,37.73,36.29,37.16,6377
2018.03.13,00:00,37.39,37.49,36.84,37.17,5046
2018.03.14,00:00,37.21,37.28,36.45,36.99,3583
2018.03.15,00:00,36.79,36.99,36.49,36.81,3270
2018.03.16,00:00,36.78,37.27,36.03,36.4,1795
2018.03.19,00:00,36.4,36.99,35.55,36.37,4279
2018.03.20,00:00,36.68,37.04,36.49,36.67,4001
2018.03.21,00:00,37.08,37.49,36.7,37.48,3149
2018.03.22,00:00,37.39,37.98,37.01,37.54,4226
2018.03.23,00:00,37.38,37.42,36.55,37.16,3143
2018.03.26,00:00,37.6,37.97,37.31,37.97,2134
2018.03.27,00:00,37.97,38.74,37.65,37.99,4787
2018.03.28,00:00,37.98,38.29,37.2,37.68,2725
2018.03.29,00:00,37.83,38.62,37.64,38.18,5325
2018.04.02,00:00,38.17,38.53,37.07,37.35,3590
2018.04.03,00:00,37.45,38.27,37.45,37.98,4618
2018.04.04,00:00,37.67,37.67,36.18,36.69,7071
2018.04.05,00:00,37.01,38.08,37.01,37.14,5546
2018.04.06,00:00,37.35,38.87,37.29,38.67,8300
2018.04.09,00:00,38.78,39.38,38.32,38.67,4252
2018.04.10,00:00,39,39.36,37.14,37.37,5173
2018.04.11,00:00,37.34,37.57,35.87,36.39,5599
2018.04.12,00:00,36.2,37.28,36.05,37.19,6028
2018.04.13,00:00,37.19,37.58,36.36,36.64,4227
2018.04.16,00:00,36.64,36.89,35.56,35.88,5881
2018.04.17,00:00,37.3,37.81,36.05,36.75,3638
2018.04.18,00:00,36.86,37.34,36.65,37,4093
2018.04.19,00:00,37,37.08,36.06,36.59,6256
2018.04.20,00:00,36.64,37.15,36.11,36.79,4547
2018.04.23,00:00,36.39,37.03,36.39,36.95,2295
2018.04.24,00:00,36.93,37.49,35.64,35.84,3859
2018.04.25,00:00,35.62,35.62,33.87,34.23,9197
2018.04.26,00:00,34.29,34.62,34,34.34,6323
2018.04.27,00:00,34.57,35.8,34.36,35.4,6791
2018.04.30,00:00,35.4,36.39,34.71,36.39,3815
2018.05.02,00:00,36.38,36.52,35.36,35.5,4238
2018.05.03,00:00,35.1,35.79,33.59,33.77,6594
2018.05.04,00:00,33.59,33.99,33.05,33.47,7909
2018.05.07,00:00,33.5,33.71,32.59,32.99,4188
2018.05.08,00:00,33.19,33.3,32.49,33.08,3801
2018.05.09,00:00,33.35,33.39,30.1,30.99,18706
2018.05.10,00:00,32.99,32.99,30.38,31.99,12869
2018.05.11,00:00,31.69,32.25,30.06,30.55,9000
2018.05.14,00:00,30.89,30.96,28.9,29.41,6653
2018.05.15,00:00,28.49,28.64,27.14,27.89,24738
2018.05.16,00:00,27.85,28.11,27.09,27.29,8306
2018.05.17,00:00,27.45,27.52,25.53,25.53,9868
2018.05.18,00:00,24.79,26.42,24.23,26.14,10457
2018.05.21,00:00,27.09,27.41,26.47,27.39,10104
2018.05.22,00:00,27.79,28.64,27.58,28.64,8338
2018.05.23,00:00,28.15,28.19,27.2,27.63,5566
2018.05.24,00:00,26.86,27.58,26.55,27.39,7085
2018.05.25,00:00,27.59,28.87,27.42,28.04,10586
2018.05.28,00:00,28.04,28.25,26.75,26.99,3534
2018.05.29,00:00,27.79,27.93,26.91,27.07,4664
2018.05.30,00:00,27.23,27.39,25.9,26.5,7540
2018.06.01,00:00,26.47,26.99,26.09,26.49,4617
2018.06.04,00:00,26.64,27.15,26.55,26.99,3220
2018.06.05,00:00,26.94,26.99,25.17,25.39,8913
2018.06.06,00:00,25.41,25.49,23.65,24.41,10818
2018.06.07,00:00,23.74,23.97,22.48,23.5,12568
2018.06.08,00:00,23.78,23.92,22.49,23.19,11442
2018.06.11,00:00,23.49,24.42,23.49,24.29,5717
2018.06.12,00:00,24.49,24.58,23.64,23.8,3828
2018.06.13,00:00,23.78,24.14,23.32,23.83,4526
2018.06.14,00:00,23.92,24.2,23.27,23.84,4668
2018.06.15,00:00,23.42,23.48,22.5,22.82,6169
2018.06.18,00:00,22.52,22.94,22.18,22.5,2910
2018.06.19,00:00,22.17,23.29,22.09,23.09,6787
2018.06.20,00:00,23.31,23.87,22.88,23.35,3665
2018.06.21,00:00,23.49,23.49,22.08,22.15,7856
2018.06.22,00:00,22.29,22.64,21.97,22.16,3522
2018.06.25,00:00,22.1,22.19,21.38,21.86,5901
2018.06.26,00:00,21.99,22.24,21.56,21.99,2761
2018.06.27,00:00,21.98,21.98,21.09,21.39,9777
2018.06.28,00:00,21.49,22.5,20.53,21.49,13562
2018.06.29,00:00,21.8,21.88,20.97,21.32,8338
2018.07.02,00:00,21.17,21.17,20.3,20.7,3552
2018.07.03,00:00,20.59,21.06,20.18,20.72,6350
2018.07.04,00:00,20.95,20.99,20.51,20.99,1283
2018.07.05,00:00,21.09,21.18,20.42,20.42,5339
2018.07.06,00:00,20.39,21.01,20.39,20.79,4610
2018.07.10,00:00,20.99,21.33,20.2,20.68,16650
2018.07.11,00:00,20.62,20.89,20.41,20.89,2351
2018.07.12,00:00,20.98,21.88,20.84,21.72,3604
2018.07.13,00:00,21.7,22.2,21.6,21.84,3687
2018.07.16,00:00,22.28,23.04,22.28,22.78,6448
2018.07.17,00:00,23.04,23.81,22.89,23.67,9184
2018.07.18,00:00,23.79,24.41,23.54,23.9,6758
2018.07.19,00:00,23.94,23.99,22.79,23.75,4826
2018.07.20,00:00,24.49,25.36,23.97,24.17,12606
2018.07.23,00:00,24.22,24.63,23.7,24.63,3879
2018.07.24,00:00,24.98,25.31,24.74,24.74,3951
2018.07.25,00:00,25.07,25.85,25,25.75,8663
2018.07.26,00:00,25.99,25.99,24.96,25.46,3742
2018.07.27,00:00,25.5,25.83,24.97,25.28,3981
2018.07.30,00:00,25.47,25.49,24.26,24.31,4348
2018.07.31,00:00,24.14,24.22,23.54,24.12,3592
2018.08.01,00:00,24.12,24.21,23.33,23.88,3959
2018.08.02,00:00,23.79,24.04,23.11,23.74,3392
2018.08.03,00:00,24.14,25.09,23.74,24.56,6464
2018.08.06,00:00,24.75,24.97,24,24.33,5091
2018.08.07,00:00,24.51,24.86,23.93,24.42,3182
2018.08.08,00:00,24.42,24.66,23.17,23.37,2134
2018.08.09,00:00,23.49,24.68,22.99,24.01,12106
2018.08.10,00:00,23.99,23.99,22.25,23.09,10859
2018.08.13,00:00,22.74,23.61,22.45,23.35,8716
2018.08.14,00:00,23.7,24.11,23.59,24.11,6027
2018.08.15,00:00,23.85,24.35,23.43,24.3,3281
2018.08.16,00:00,24.35,25.02,24.12,24.86,3491
2018.08.17,00:00,24.69,24.93,24.18,24.38,4823
2018.08.20,00:00,24.48,24.91,24.25,24.53,4270
2018.08.21,00:00,24.47,24.5,23.54,23.7,10193
2018.08.22,00:00,23.48,23.48,21.87,22.44,10039
2018.08.23,00:00,22.5,22.73,21.77,22.04,7168
2018.08.24,00:00,22.26,22.44,21.85,21.99,3130
2018.08.27,00:00,22.09,22.73,21.95,22.49,2622
2018.08.28,00:00,22.49,22.66,22.19,22.64,1306
2018.08.29,00:00,22.74,23.05,22.43,22.64,4377
2018.08.30,00:00,22.43,22.76,22.07,22.3,3529
2018.08.31,00:00,22.39,22.99,22.21,22.99,6690
2018.09.03,00:00,22.74,23.64,22.35,23.33,2064
2018.09.04,00:00,23.3,23.31,22.14,22.28,3452
2018.09.05,00:00,22.24,22.53,22.12,22.37,4445
2018.09.06,00:00,22.51,22.88,22.2,22.69,2505
2018.09.10,00:00,23.98,24.04,22.8,22.99,2865
2018.09.11,00:00,22.92,22.98,21.85,21.99,7635
2018.09.12,00:00,22.29,22.38,21.85,21.89,3346
2018.09.13,00:00,21.83,22.14,21.59,21.97,3723
2018.09.14,00:00,22.04,22.76,21.88,22.59,3127
2018.09.17,00:00,22.44,23.81,22.44,23.48,3831
2018.09.18,00:00,23.57,23.76,22.9,23.52,3806
2018.09.19,00:00,23.54,23.99,23.09,23.84,4859
2018.09.20,00:00,23.98,24.6,23.89,24.45,2253
2018.09.21,00:00,24.63,25.29,24.36,25.29,3032
2018.09.24,00:00,25.13,25.13,23.62,23.68,5598
2018.09.25,00:00,23.14,23.85,23.05,23.74,3951
2018.09.26,00:00,23.74,24.23,23.54,23.78,2170
2018.09.27,00:00,23.73,24.55,23.73,24.52,4420
2018.09.28,00:00,24.16,24.34,23.58,24.04,2799
2018.10.01,00:00,24.04,24.19,22.63,22.91,3700
2018.10.02,00:00,23.59,24.2,23.21,23.8,9039
2018.10.03,00:00,24.6,25.55,24.25,24.5,14614
2018.10.04,00:00,24.13,24.9,23.77,24.8,3029
2018.10.05,00:00,25.06,25.47,24.3,24.99,7740
2018.10.08,00:00,26.99,28.4,26.56,28.04,22833
2018.10.09,00:00,27.81,29.05,27.49,28.45,14680
2018.10.10,00:00,28.23,28.23,26.53,26.53,12247
2018.10.11,00:00,26.85,27.43,25.98,26.35,5406
2018.10.15,00:00,26.97,27.16,26.31,26.78,5693
2018.10.16,00:00,27.03,28.14,26.8,27.74,10817
2018.10.17,00:00,27.53,28.07,26.7,27.9,8989
2018.10.18,00:00,28.25,29,27.84,28.34,12414
2018.10.19,00:00,28.5,28.88,27.47,28,5445
2018.10.22,00:00,29.8,29.8,27.93,28.5,13002
2018.10.23,00:00,28.37,28.73,27.81,28.69,7125
2018.10.24,00:00,28.7,29,27.54,27.7,6775
2018.10.25,00:00,27.95,28.27,27.13,27.86,7236
2018.10.26,00:00,28.1,29.2,27.5,29.2,11883
2018.10.29,00:00,30.97,31.3,28.14,28.73,16837
2018.10.30,00:00,29.06,30.96,28.68,30.96,12027
2018.10.31,00:00,30.9,31.86,29.28,30.59,17490
2018.11.01,00:00,30.8,31.64,29.7,31.64,13466
2018.11.05,00:00,31.65,32.8,31.26,32.55,12096
2018.11.06,00:00,31.78,32.45,31.45,31.65,10914
2018.11.07,00:00,32.02,32.34,30.9,31.45,8307
2018.11.08,00:00,31.65,31.97,29.91,30.45,8518
2018.11.09,00:00,30.13,31.84,30.06,31.84,7153
2018.11.12,00:00,32.1,32.89,31.45,32.89,6227
2018.11.13,00:00,32.89,33.28,32.39,32.85,7190
2018.11.14,00:00,32.71,33.58,31.95,33.36,12416
2018.11.16,00:00,33.48,35,33.11,35,6030
2018.11.19,00:00,34.52,34.98,33.95,34.39,5372
2018.11.21,00:00,34.35,35.45,33.91,34.91,6061
2018.11.22,00:00,35.69,35.88,34.63,35.67,4694
2018.11.23,00:00,35.6,36.6,35,36,9471
2018.11.26,00:00,35.99,36.19,33.11,33.11,8246
2018.11.27,00:00,33.4,33.82,32.81,33.82,9218
2018.11.28,00:00,33.81,34.54,33.2,34.47,5106
2018.11.29,00:00,34.5,34.68,33.91,34.3,3895
2018.11.30,00:00,33.99,34.83,33.9,34.74,4179
2018.12.03,00:00,34.75,35.13,32.97,33.12,9624
2018.12.04,00:00,33.51,33.56,31.25,32.14,8770
2018.12.05,00:00,32.48,33.24,32.08,33.24,5179
2018.12.06,00:00,33,33,31.8,32.58,6553
2018.12.07,00:00,32.75,32.8,31.1,31.35,6352
2018.12.10,00:00,31.39,31.8,30.56,30.86,8568
2018.12.11,00:00,31.06,32.98,30.58,32.87,8965
2018.12.12,00:00,33.04,33.65,32.21,33.65,4840
2018.12.13,00:00,33.8,34.37,32.99,33.9,7060
2018.12.14,00:00,33.8,34,33.12,33.35,6800
2018.12.17,00:00,33.7,33.74,31.8,31.85,7011
2018.12.18,00:00,31.95,33.32,31.71,33,7831
2018.12.19,00:00,33.3,33.86,32.36,32.37,4739
2018.12.20,00:00,32.72,33.8,32.2,33.5,8311
2018.12.21,00:00,33.7,35,33.32,35,8061
2018.12.26,00:00,34.9,35.67,33.85,34.89,5490
2018.12.27,00:00,34.89,35.01,33.9,34.91,5643
2018.12.28,00:00,35,36,34.62,36,5453
2019.01.02,00:00,35.97,36.55,35.45,36.33,9140
2019.01.03,00:00,36.19,37.6,35.71,36.37,6618
2019.01.04,00:00,36.48,36.63,35.8,36.25,2367
2019.01.07,00:00,36.16,36.47,34.91,35.3,4691
2019.01.08,00:00,35.59,35.94,34.4,34.72,5763
2019.01.09,00:00,34.85,35.21,34.64,35.15,4742
2019.01.10,00:00,35.26,36.1,35.08,35.91,4851
2019.01.11,00:00,36,37.2,35.81,37.2,7966
2019.01.14,00:00,37.2,38,36.83,37.47,6774
2019.01.15,00:00,37.5,37.75,36.84,37,5464
2019.01.16,00:00,37.01,37.4,36.43,37,3734
2019.01.17,00:00,37.32,37.4,36.3,37.05,7787
2019.01.18,00:00,37.1,37.69,36.36,36.36,6236
2019.01.21,00:00,36.21,36.34,35.5,36.18,4923
2019.01.22,00:00,36.13,36.26,35.1,35.5,4429
2019.01.23,00:00,35.49,36,35.27,36,5251
2019.01.24,00:00,36.3,36.5,35.8,36.06,4375
2019.01.28,00:00,36.06,36.14,34.91,35.06,5911
2019.01.29,00:00,35.16,35.58,34.34,34.8,4261
2019.01.30,00:00,35.25,36.09,35.11,35.95,9248
2019.01.31,00:00,36.09,37.4,36.09,37.11,9038
2019.02.01,00:00,36.92,37.32,36.61,37.2,9079
2019.02.04,00:00,37.17,38.33,37.03,38.04,8440
2019.02.05,00:00,38.5,39.17,38.25,38.59,9795
2019.02.06,00:00,38.69,38.96,37.1,37.3,7914
2019.02.07,00:00,37.57,37.62,35.76,36.18,7519
2019.02.08,00:00,36.49,37.05,35.78,37,6322
2019.02.11,00:00,37.49,37.72,36.74,37.2,6567
2019.02.12,00:00,37.5,38.75,37.21,38.26,9117
2019.02.13,00:00,38.63,38.74,37.88,38.4,5952
2019.02.14,00:00,38.5,38.7,37.07,38.6,8160
2019.02.15,00:00,38.58,38.59,37.44,38.5,3654
2019.02.18,00:00,38.05,38.88,37.9,38.88,3502
2019.02.19,00:00,38.94,39.48,37.65,38.66,11621
2019.02.20,00:00,39,39.2,37.83,38.15,7406
2019.02.21,00:00,38.4,38.4,37,37.49,5538
2019.02.22,00:00,37.49,37.9,37.03,37.9,5396
2019.02.25,00:00,37.85,38.35,37.72,38.2,4555
2019.02.26,00:00,38.18,38.67,37.75,38.5,2473
2019.02.27,00:00,38.46,38.46,37.85,37.9,3394
2019.02.28,00:00,38,38.01,37.06,37.65,6644
2019.03.01,00:00,37.52,37.65,36.41,36.75,5358
2019.03.06,00:00,36.75,37.14,36.38,36.7,4418
2019.03.07,00:00,37.14,37.14,36.09,36.4,5296
2019.03.08,00:00,36.3,37.15,35.75,37.06,6225
2019.03.11,00:00,39.28,40,38.69,39.45,15254
2019.03.12,00:00,39.39,40.62,38.74,40.21,18910
2019.03.13,00:00,40.05,40.5,39.45,40.5,8397
2019.03.14,00:00,39.98,41.75,39.77,41.28,9368
2019.03.15,00:00,41.38,41.83,41.03,41.5,8425
2019.03.18,00:00,41.5,42.22,40.38,42.22,8590
2019.03.19,00:00,42.31,42.88,41.74,42.07,8938
2019.03.20,00:00,42.25,42.65,40.67,41.17,9420
2019.03.21,00:00,41.4,42,39.57,40.95,9017
2019.03.22,00:00,40.2,40.56,39.2,39.45,10085
2019.03.25,00:00,39.4,40.06,38.75,39.02,6702
2019.03.26,00:00,39.2,39.87,38.58,39.77,8218
2019.03.27,00:00,39.57,39.59,37.3,37.69,9959
2019.03.28,00:00,37.3,37.67,36.17,37.25,13237
2019.03.29,00:00,37.75,38.27,37,38.27,11073
2019.04.01,00:00,38.6,38.94,38.2,38.94,5806
2019.04.02,00:00,39,39.29,38.1,38.8,6725
2019.04.03,00:00,39.1,39.29,37.71,38.96,12917
2019.04.04,00:00,38.88,39.26,38.27,38.79,8297
2019.04.05,00:00,39.09,39.09,37.38,37.45,14156
2019.04.08,00:00,37.7,37.7,36.05,36.05,11729
2019.04.09,00:00,35.81,36.2,35,35.75,14154
2019.04.10,00:00,35.85,36.46,35.68,36.05,7307
2019.04.11,00:00,36.35,36.6,34.76,34.78,9129
2019.04.12,00:00,34.39,35.14,33.26,33.75,9595
2019.04.15,00:00,33.76,34.04,32.69,32.7,11546
2019.04.16,00:00,32.86,33.26,32.8,33.18,6188
2019.04.17,00:00,33.44,33.58,31.13,31.7,14118
2019.04.18,00:00,32.4,34.24,31.89,33.63,12702
2019.04.22,00:00,34.05,34.17,33.12,33.98,6885
2019.04.23,00:00,33.98,34.85,33.97,34.17,8708
2019.04.24,00:00,34.31,34.54,33.1,33.48,5588
2019.04.25,00:00,33.39,33.74,32.84,33.25,8898
2019.04.26,00:00,33.52,33.85,33.03,33.61,5064
2019.04.29,00:00,33.86,34.04,33.57,33.66,4566
2019.04.30,00:00,33.8,34.15,33.39,34,5104
2019.05.02,00:00,33.62,34.6,33.4,34.6,5585
2019.05.03,00:00,34.71,36.21,34.71,36.08,12331
2019.05.06,00:00,35.61,36.09,35,35,7605
2019.05.07,00:00,35,35.28,33.72,35.28,9947
2019.05.08,00:00,35.79,37.48,35.38,37,15189
2019.05.09,00:00,36,38,35.9,38,13162
2019.05.10,00:00,37.88,38.47,37.24,38.09,12294
2019.05.13,00:00,36.97,37.36,35.96,36.6,13341
2019.05.14,00:00,37.12,37.12,34.85,35.15,19051
2019.05.15,00:00,34.44,34.77,33.31,34.63,12151
2019.05.16,00:00,34,34.6,33.1,33.3,16777
2019.05.17,00:00,33.14,33.64,32.11,32.66,19750
2019.05.20,00:00,32.75,33.41,32.21,33.41,8376
2019.05.21,00:00,33.97,35.39,33.56,35.24,10579
2019.05.22,00:00,35.9,36.09,34.6,35.68,9500
2019.05.23,00:00,35.29,36.39,34.58,35.31,8492
2019.05.24,00:00,35.85,35.9,35.2,35.45,6693
2019.05.27,00:00,35.34,36.6,35.26,36.45,6076
2019.05.28,00:00,36.47,38.32,36.01,38.25,14444
2019.05.29,00:00,37.9,38.89,37.56,38.15,11137
2019.05.30,00:00,38.47,40,38.14,39.3,15135
2019.05.31,00:00,39.22,39.7,38.69,39.2,14719
2019.06.03,00:00,39.5,40,38.88,39.69,15687
2019.06.04,00:00,39.81,40.2,39.62,40,10957
2019.06.05,00:00,40,41.53,39.52,40.62,12108
2019.06.06,00:00,41.22,42.69,41.11,42.69,16607
2019.06.07,00:00,42.52,43.75,42.4,43.66,11521
2019.06.10,00:00,43.35,44.1,42.59,44.1,10402
2019.06.11,00:00,43.91,44.45,42.01,43.74,12363
2019.06.12,00:00,43.51,44.34,43,43.62,8081
2019.06.13,00:00,43.88,44.55,43.69,44.25,12873
2019.06.14,00:00,44.16,44.65,43.11,43.79,7965
2019.06.17,00:00,43.44,44.78,43.26,44.78,6946
2019.06.18,00:00,44.99,45.87,44.01,45.25,10862
2019.06.19,00:00,45.25,45.54,44.7,45.4,10407
2019.06.21,00:00,45.63,45.75,43.67,44.26,14550
2019.06.24,00:00,44.28,44.8,43.38,43.57,9792
2019.06.25,00:00,43.21,43.57,42.01,42.6,10490
2019.06.26,00:00,42.9,43.8,41.51,42.39,10687
2019.06.27,00:00,42.08,42.59,41.54,42.47,11038
2019.06.28,00:00,42.8,43.29,42.44,43.29,9199
2019.07.01,00:00,43.5,43.8,41.96,42.09,8727
2019.07.02,00:00,42.25,42.53,41.84,42.41,7490
2019.07.03,00:00,42.3,44.21,42.16,44.16,13320
2019.07.04,00:00,44.6,46.75,44.57,46.75,10066
2019.07.05,00:00,47.05,48.82,45.59,48.45,19131
2019.07.08,00:00,48.76,49.6,48.32,48.73,11868
2019.07.10,00:00,49.3,51.04,48.7,49.99,19037
2019.07.11,00:00,49.96,49.96,48.5,49.47,16000
2019.07.12,00:00,49.65,49.98,48.58,49.09,7474
2019.07.15,00:00,49,50.2,48.57,49.36,8146
2019.07.16,00:00,49.27,50.02,48.98,50,6736
2019.07.17,00:00,50.5,50.66,48.84,49.64,7286
2019.07.18,00:00,49.84,50.23,49.24,49.85,6838
2019.07.19,00:00,49.3,50.25,49.25,49.7,5535
2019.07.22,00:00,49.7,50.4,49.34,49.9,4443
2019.07.23,00:00,50.25,50.27,48.65,49.03,7370
2019.07.24,00:00,48.82,49.78,48.82,49.45,6872
2019.07.25,00:00,49.55,50.89,48.09,50.89,7374
2019.07.26,00:00,52.25,52.3,50.45,51.89,13974
2019.07.29,00:00,51.81,52.92,51.25,52.92,10327
2019.07.30,00:00,52.7,53.57,52.25,53.01,9725
2019.07.31,00:00,53.18,53.51,51.15,51.78,10824
2019.08.01,00:00,52.3,54.4,51.79,54.13,13914
2019.08.02,00:00,53.77,53.98,52.4,53.6,13247
2019.08.05,00:00,52.45,52.89,50.66,51.65,16298
2019.08.06,00:00,52,53.47,52,52.97,7087
2019.08.07,00:00,52.7,53.29,51.32,53.12,12712
2019.08.08,00:00,54.22,55.32,53.88,54.55,15740
2019.08.09,00:00,53.85,56.68,53.85,55.47,10758
2019.08.12,00:00,54,54.73,51.66,54.3,17074
2019.08.13,00:00,55.15,55.51,52.53,53.55,13489
2019.08.14,00:00,53.55,53.72,50.7,50.97,23526
2019.08.15,00:00,51.5,51.9,49.82,50.56,12202
2019.08.16,00:00,51.01,51.73,49.7,50.47,19860
2019.08.19,00:00,50.85,51.5,48.86,49.83,12683
2019.08.20,00:00,50,50.31,48.31,49.68,10086
2019.08.21,00:00,50.4,50.85,49.65,50.85,11073
2019.08.22,00:00,50.51,50.79,48.72,48.94,11401
2019.08.23,00:00,48.6,48.73,46.41,47.3,19116
2019.08.26,00:00,47.35,48.02,45.85,46,15761
2019.08.27,00:00,46.2,46.77,44.88,45.98,17382
2019.08.28,00:00,45.26,46.64,45.16,46.54,12809
2019.08.29,00:00,46.8,48.98,45.45,48.55,20036
2019.08.30,00:00,49.3,49.78,47.1,47.1,19289
2019.09.02,00:00,47.48,48.09,46.63,47.14,10274
2019.09.03,00:00,47.08,48.15,45.7,45.96,18048
2019.09.04,00:00,46.5,47.16,46.09,47.11,13398
2019.09.05,00:00,47.52,49.44,47.39,49.22,17362
2019.09.06,00:00,49.82,50.69,48.89,49.35,11336
2019.09.09,00:00,49.47,49.79,47.53,48.39,14051
2019.09.10,00:00,48.38,48.38,47.02,48.15,8397
2019.09.11,00:00,48.66,49.99,48.66,49.39,13701
2019.09.12,00:00,49.9,52.57,49.64,52.05,20893
2019.09.13,00:00,52.45,52.57,50.81,51.34,11492
2019.09.16,00:00,49.42,49.53,46.6,47,41761
2019.09.17,00:00,47.74,49.13,47.16,48.45,23752
2019.09.18,00:00,48.82,49.25,47.85,49.2,13819
2019.09.19,00:00,48.9,50.08,48.8,49.28,11898
2019.09.20,00:00,49.1,49.69,48.01,48.73,10575
2019.09.23,00:00,48.48,48.68,47.77,48.13,5605
2019.09.24,00:00,48.6,48.67,47.16,47.28,8940
2019.09.25,00:00,47.31,48.68,46.92,48.5,13542
2019.09.26,00:00,48.77,49.9,48.3,49.87,10464
2019.09.27,00:00,49.38,49.74,48.08,49.62,12774
2019.09.30,00:00,49.8,50.22,49.08,49.71,8597
2019.10.01,00:00,50.09,50.34,48.36,48.94,11062
2019.10.02,00:00,48.61,48.61,46.71,47.91,14564
2019.10.03,00:00,47.92,50.15,47.45,49.89,16195
2019.10.04,00:00,50.16,51.32,49.3,50.95,12219
2019.10.07,00:00,50.9,51.38,50.27,50.59,9263
2019.10.08,00:00,50.6,51.73,49.93,50.2,9361
2019.10.09,00:00,51,51.33,49.34,49.5,12945
2019.10.10,00:00,49.84,49.9,48.7,49.68,7670
2019.10.11,00:00,49.76,50.77,49.73,50.4,11867
2019.10.14,00:00,50.6,51.55,50.26,51.18,9160
2019.10.15,00:00,51.44,51.72,51,51.21,10079
2019.10.16,00:00,51.21,51.41,50.1,51.3,7189
2019.10.17,00:00,51.42,52.28,51.22,51.26,8265
2019.10.18,00:00,50.88,51.37,50.53,50.99,6514
2019.10.21,00:00,50.84,51.41,50.55,51.35,7941
2019.10.22,00:00,51.22,53.03,50.95,52.99,10320
2019.10.23,00:00,52.99,53.26,51.91,52.15,9287
2019.10.24,00:00,52.2,53.15,51.9,52.9,8846
2019.10.25,00:00,52.9,53.59,52.44,52.54,9188
2019.10.28,00:00,52.54,53.29,52.29,53.16,6771
2019.10.29,00:00,53.24,53.52,52.43,53.5,7944
2019.10.30,00:00,53.4,53.64,52.51,53.64,6503
2019.10.31,00:00,53.4,53.4,52.03,52.52,8867
2019.11.01,00:00,52.85,53.68,52.05,53.55,8580
2019.11.04,00:00,53.7,54.16,53,53.5,7553
2019.11.05,00:00,53.51,54.57,52.44,53.37,8591
2019.11.06,00:00,53.5,54.35,51.73,51.73,10042
2019.11.07,00:00,52.09,52.78,51,52.49,14700
2019.11.08,00:00,52.02,52.24,49.71,50.92,17729
2019.11.11,00:00,50.47,50.78,49.54,50.45,11646
2019.11.12,00:00,50.24,50.24,48.51,48.51,8550
2019.11.13,00:00,48.35,49.22,47.7,48.13,8380
2019.11.14,00:00,48.12,50.32,48.12,50.1,10854
2019.11.18,00:00,50.1,51.8,49.87,50.9,10540
2019.11.19,00:00,51.15,51.65,49.96,50.49,5003
2019.11.21,00:00,50.89,52.2,50.62,52.2,12678
2019.11.22,00:00,52.1,54.67,51.83,54.67,11183
2019.11.25,00:00,54.25,54.63,53.33,53.84,7604
2019.11.26,00:00,53.84,53.84,50.31,51.4,19263
2019.11.27,00:00,51.6,52.06,50.43,50.99,7698
2019.11.28,00:00,51.15,52.95,50.88,52.75,5996
2019.11.29,00:00,52.7,53.26,52.23,53.1,8360
2019.12.02,00:00,52.9,53.08,52.24,52.94,8050
2019.12.03,00:00,53.05,53.5,52.45,53.5,7703
2019.12.04,00:00,53.57,54.1,52.99,53.41,7942
2019.12.05,00:00,53.19,54,52.96,53.41,7031
2019.12.06,00:00,53.5,54.83,52.76,54.7,15199
2019.12.09,00:00,54.69,55.4,54.08,54.71,10825
2019.12.10,00:00,54.47,54.47,52.33,53.6,16655
2019.12.11,00:00,53.99,54.86,53.63,54.64,9844
2019.12.12,00:00,55,55.49,54.19,55.07,10783
2019.12.13,00:00,55.4,57.05,55.12,56.86,13448
2019.12.16,00:00,57,57.82,56.63,57.27,12832
2019.12.17,00:00,57.15,57.45,56.33,56.87,9766
2019.12.18,00:00,56.87,58.06,56.51,57.61,9870
2019.12.19,00:00,57.6,57.9,56.82,57.71,8807
2019.12.20,00:00,57.7,57.7,56.34,57,8452
2019.12.23,00:00,57,57.85,56.66,57.6,6289
2019.12.26,00:00,57.66,58.15,57.04,57.07,11600
2019.12.27,00:00,57.41,57.8,56.66,57.8,10517
2019.12.30,00:00,57.6,58.8,57.43,58.28,6516
2020.01.02,00:00,58.78,59.3,58.15,58.8,9639
2020.01.03,00:00,57.04,58.21,56.61,56.76,16823
2020.01.06,00:00,56.61,56.61,54.56,55,16802
2020.01.07,00:00,55.79,57.06,55.1,56.82,14546
2020.01.08,00:00,56.31,57.61,56.01,56.92,14174
2020.01.09,00:00,57.06,58.18,56.9,57.28,11194
2020.01.10,00:00,57.52,58.09,56.95,57.5,8249
2020.01.13,00:00,57.5,58.39,57.42,58.3,9265
2020.01.14,00:00,58.3,59.19,57.93,59.19,9810
2020.01.15,00:00,59.38,59.8,58.7,59.3,10779
2020.01.16,00:00,59.82,60.49,59.13,59.44,11338
2020.01.17,00:00,59.95,61.35,59.75,61.35,8010
2020.01.20,00:00,61.25,61.77,60.89,61.77,5887
2020.01.21,00:00,61.4,61.55,59.71,60.05,9671
2020.01.22,00:00,60.1,61.04,58.46,59.6,10210
2020.01.23,00:00,59.5,61.23,57.86,61.2,9917
2020.01.24,00:00,61.24,61.49,59.25,59.46,7558
2020.01.27,00:00,56.7,58.13,56.66,57.48,10730
2020.01.28,00:00,59,62.67,58.8,62.41,18680
2020.01.29,00:00,62.55,62.87,59.3,59.87,15978
2020.01.30,00:00,59,59.78,57.37,59.71,14079
2020.01.31,00:00,58.1,59.68,57.84,59.26,14891
2020.02.03,00:00,59.26,61.25,58.98,60.13,10804
2020.02.04,00:00,61.43,61.76,60.36,60.8,8995
2020.02.05,00:00,61.67,62,61.27,61.27,9611
2020.02.06,00:00,61.95,61.95,58.89,59.07,11610
2020.02.07,00:00,59.38,59.45,56.29,56.29,16402
2020.02.10,00:00,56.3,56.9,55.34,56.82,15450
2020.02.11,00:00,58.34,58.92,57.32,58.34,10132
2020.02.12,00:00,58.5,60.55,58.1,59.66,12795
2020.02.13,00:00,58.8,59.19,57.93,59,9238
2020.02.14,00:00,59.15,59.79,58.5,59.24,8515
2020.02.17,00:00,59.99,59.99,58.55,58.7,6681
2020.02.18,00:00,58.6,58.6,57.17,58.02,8584
2020.02.19,00:00,58,58.77,57.6,58.08,5087
2020.02.20,00:00,57.51,57.86,55.96,56.4,13071
2020.02.21,00:00,55.79,56.21,54.96,55.65,13199
2020.02.26,00:00,49.9,50.84,47.85,48.25,29294
2020.02.27,00:00,47.79,48.31,44.52,45.13,35123
2020.02.28,00:00,44.11,45.29,42.55,44.44,29174
2020.03.02,00:00,45.65,46.96,44.34,45.19,34592
2020.03.03,00:00,45.4,46.38,43.67,44,27491
2020.03.04,00:00,46,46.21,43.51,44.75,17682
2020.03.05,00:00,43.85,43.85,37.7,38.25,29757
2020.03.06,00:00,34.51,39.78,33.8,38.68,47630
2020.03.09,00:00,36,36.35,31.55,32.1,28661
2020.03.10,00:00,36.8,36.8,32.9,36.18,27878
2020.03.11,00:00,33.98,35.12,28.48,30.25,31381
2020.03.12,00:00,20.02,22.02,20,20.3,14490
2020.03.13,00:00,24.47,25,20.3,24.71,77143
2020.03.16,00:00,17.4,20.78,15.58,15.6,53527
2020.03.17,00:00,16.34,16.34,13.72,15.23,55850
2020.03.18,00:00,13.5,13.5,9.1,10.35,50505
2020.03.19,00:00,9.8,13.4,8.74,11.97,40615
2020.03.20,00:00,13.7,17.5,13.01,13.8,37638
2020.03.23,00:00,14.22,14.34,12.53,14.28,34123
2020.03.24,00:00,16.6,17.66,15.66,16.17,47196
2020.03.25,00:00,16.59,20,16.55,19.17,51932
2020.03.26,00:00,19,23.48,19,20.52,57057
2020.03.27,00:00,19.23,21.98,18.25,19.5,37027
2020.03.30,00:00,20.97,22.38,18.9,19.09,28592
2020.03.31,00:00,19.5,19.65,17.2,17.55,30889
2020.04.01,00:00,16.04,16.09,14.37,14.85,41631
2020.04.02,00:00,15.2,15.98,14.4,14.61,31353
2020.04.03,00:00,14.6,14.61,13.12,14.1,25078
2020.04.06,00:00,15.8,15.92,14.71,15.6,23344
2020.04.07,00:00,16.86,17.9,15.6,15.6,42452
2020.04.08,00:00,15.69,16.86,15.01,16.79,29197
2020.04.09,00:00,17.44,17.6,16.02,16.3,30101
2020.04.13,00:00,16.39,16.71,15.62,16.15,27412
2020.04.14,00:00,16.28,16.9,15.91,16.35,30552
2020.04.15,00:00,15.8,16.87,15.71,16.5,22271
2020.04.16,00:00,16.93,17.2,16,16,19855
2020.04.17,00:00,16.56,17.15,16.02,16.19,23034
2020.04.20,00:00,15.99,16.84,15.75,16.68,25186
2020.04.22,00:00,16.45,16.73,16.18,16.31,26122
2020.04.23,00:00,16.36,16.65,16.02,16.37,24552
2020.04.24,00:00,16.24,16.26,13.7,13.99,52170
2020.04.27,00:00,14.61,14.74,13.89,14.11,29092
2020.04.28,00:00,14.49,16.1,14.29,16.05,26070
2020.04.29,00:00,16.29,17.48,16.25,17.12,38907
2020.04.30,00:00,16.79,17.4,16.28,17.4,27714
2020.05.04,00:00,15.9,16.2,14.88,15.16,48696
2020.05.05,00:00,15.65,15.78,15.06,15.16,20260
2020.05.06,00:00,15.12,15.26,14.45,14.77,19378
2020.05.07,00:00,15.21,15.26,13.65,13.66,40825
2020.05.08,00:00,13.94,14.2,13.45,13.6,26232
2020.05.11,00:00,13.5,13.64,12.66,13.15,25216
2020.05.12,00:00,13.25,13.79,12.53,12.53,23637
2020.05.13,00:00,12.86,13.02,12.08,12.29,25091
2020.05.14,00:00,12,12.2,11.36,11.6,36123
2020.05.15,00:00,11.61,11.83,11.01,11.08,37988
2020.05.18,00:00,11.66,14.6,11.44,14.39,61655
2020.05.19,00:00,13.89,14.99,12.72,13.65,93381
2020.05.20,00:00,14.26,16.87,14.05,15.33,90334
2020.05.21,00:00,15.8,16.8,15.34,15.43,59566
2020.05.22,00:00,15,15.35,14.6,14.8,29252
2020.05.25,00:00,15.6,16.1,15.19,15.34,22359
2020.05.26,00:00,15.9,16,14.63,14.75,37601
2020.05.27,00:00,15.02,15.1,14.08,14.87,29557
2020.05.28,00:00,14.59,15.24,14.43,14.75,24789
2020.05.29,00:00,14.5,14.65,14.1,14.28,33369
2020.06.01,00:00,14.2,15.45,14,15.35,43960
2020.06.02,00:00,15.7,16.8,15.63,16.75,59467
2020.06.03,00:00,17.85,19.63,17.7,18.45,96298
2020.06.04,00:00,18.75,19.59,17.74,19.08,55004
2020.06.05,00:00,20.7,21.73,20.53,21.16,73419
2020.06.08,00:00,23.44,27.49,22.86,27.35,119600
2020.06.09,00:00,26.2,29.56,25.02,25.78,139581
2020.06.10,00:00,27.3,28,22.91,23.5,117278
2020.06.12,00:00,21.14,23.23,21,22.12,78477
2020.06.15,00:00,20.7,22.89,19.81,22.15,95546
2020.06.16,00:00,24,24.46,22.26,22.59,86268
2020.06.17,00:00,23.06,23.78,21.85,22.62,54115
2020.06.18,00:00,22.16,22.9,21.83,21.93,36935
2020.06.19,00:00,22.6,22.72,21.35,21.8,39713
2020.06.22,00:00,21.65,21.75,20.42,20.63,49713
2020.06.23,00:00,21.1,22.96,20.31,22.5,64925
2020.06.24,00:00,22.3,22.37,20.5,21.1,51591
2020.06.25,00:00,21.11,21.95,20.5,21.2,55940
2020.06.26,00:00,21,21.45,20,20,35052
2020.06.29,00:00,20.51,20.97,19.22,20.73,49409
2020.06.30,00:00,20.44,20.67,20.1,20.11,26725
2020.07.01,00:00,20.4,21.55,20.2,20.67,41794
2020.07.02,00:00,21.41,21.83,20.64,20.76,31724
2020.07.03,00:00,20.82,21.15,20.4,21.15,16782
2020.07.06,00:00,21.9,22.05,21.35,22.05,31861
2020.07.07,00:00,21.62,22.36,21.4,21.5,33510
2020.07.08,00:00,22.02,22.05,21.45,21.53,21353
2020.07.09,00:00,21.59,21.62,20.81,20.9,23052
2020.07.10,00:00,20.75,22.15,20.63,21.91,34535
2020.07.13,00:00,22.27,22.9,21.16,21.16,40189
2020.07.14,00:00,21.17,22.05,20.63,21.75,35050
2020.07.15,00:00,22.58,22.85,22.05,22.73,43684
2020.07.16,00:00,22.53,22.7,21.91,22.05,23211
2020.07.17,00:00,22.19,22.44,21.67,21.8,31218
2020.07.20,00:00,21.99,22,21.58,21.59,20842
2020.07.21,00:00,21.8,22.22,21.65,21.8,23841
2020.07.22,00:00,21.86,21.92,21.17,21.68,18236
2020.07.23,00:00,21.55,21.7,20.78,20.95,20017
2020.07.24,00:00,20.69,20.69,20.05,20.54,24430
2020.07.27,00:00,20.71,20.88,20.22,20.71,18168
2020.07.28,00:00,20.9,21.76,20.56,21.52,21424
2020.07.29,00:00,21.64,21.69,20.72,20.96,19808
2020.07.30,00:00,20.61,21.28,20.52,21.02,14255
2020.07.31,00:00,21.02,21.55,20.12,20.31,22886
2020.08.03,00:00,20.6,20.6,19.91,20.1,18516
2020.08.04,00:00,19.88,20.43,19.69,19.82,17134
2020.08.05,00:00,20.16,20.29,19.85,20.16,14873
2020.08.06,00:00,20.36,21.59,20.01,21.45,26109
2020.08.07,00:00,21.22,21.83,20.7,21.01,25171
2020.08.10,00:00,21.08,21.9,20.87,21.78,31783
2020.08.11,00:00,22.15,24.05,22.01,23.32,72580
2020.08.12,00:00,24.41,24.7,22.53,22.88,61010
2020.08.13,00:00,22.26,23.1,22,22.01,29216
2020.08.14,00:00,21.9,22.78,21.36,22.49,29459
2020.08.17,00:00,22.4,22.45,21,21.25,28027
2020.08.18,00:00,21.7,22.07,21.35,21.8,19209
2020.08.19,00:00,21.89,22.12,21.33,21.47,18188
2020.08.20,00:00,21,21.74,20.73,21.57,17593
2020.08.21,00:00,21.57,22.4,21.38,21.69,23479
2020.08.24,00:00,21.92,22.6,21.59,22.57,27263
2020.08.25,00:00,23,23.01,21.87,21.95,22744
2020.08.26,00:00,21.9,22.15,21.24,21.59,20929
2020.08.27,00:00,21.75,22.66,21.64,22.37,30009
2020.08.28,00:00,22.4,22.98,22.05,22.88,25002
2020.08.31,00:00,22.7,23.51,22.14,22.21,25489
2020.09.01,00:00,22.36,23.14,22.11,22.91,28074
2020.09.02,00:00,23.05,23.56,22.66,23.14,20047
2020.09.03,00:00,23.15,24.2,23.02,23.99,46967
