2014.01.02,00:00,13.55,13.82,13.29,13.82,1018
2014.01.03,00:00,13.8,14.04,13.8,14.04,503
2014.01.06,00:00,14.08,14.21,13.86,14.13,984
2014.01.07,00:00,14.14,14.21,14,14.13,837
2014.01.08,00:00,14.01,14.1,13.84,13.95,343
2014.01.09,00:00,13.86,14.17,13.83,13.99,318
2014.01.10,00:00,13.99,14.12,13.84,14.07,137
2014.01.13,00:00,14.12,14.12,13.84,13.95,170
2014.01.14,00:00,14.07,14.07,13.69,13.77,418
2014.01.15,00:00,13.99,14.13,13.78,13.86,284
2014.01.16,00:00,13.86,13.99,13.4,13.55,280
2014.01.17,00:00,13.69,13.69,13.09,13.16,199
2014.01.20,00:00,13.12,13.24,12.83,13.24,125
2014.01.21,00:00,13.63,13.63,13,13.05,308
2014.01.22,00:00,13.04,13.23,13.04,13.16,256
2014.01.23,00:00,13.07,13.21,12.98,13.13,115
2014.01.24,00:00,13.13,13.13,12.94,13.02,362
2014.01.27,00:00,12.64,12.89,12.64,12.89,188
2014.01.28,00:00,13.04,13.05,12.6,12.63,189
2014.01.29,00:00,12.63,12.63,12.12,12.27,281
2014.01.30,00:00,12.53,12.63,12.01,12.32,85
2014.01.31,00:00,12.41,12.58,12.06,12.58,266
2014.02.03,00:00,12.57,12.57,12.02,12.09,34
2014.02.04,00:00,12.09,12.37,12.02,12.27,91
2014.02.05,00:00,12.53,12.93,12.13,12.36,832
2014.02.06,00:00,12.44,12.58,12.19,12.36,107
2014.02.07,00:00,12.34,12.34,11.92,12.23,504
2014.02.10,00:00,12.18,12.18,11.57,11.66,1329
2014.02.11,00:00,11.78,11.78,11.61,11.7,332
2014.02.12,00:00,11.67,11.82,11.56,11.66,198
2014.02.13,00:00,11.57,12.1,11.46,12.1,192
2014.02.14,00:00,12.01,12.07,11.83,12.02,223
2014.02.17,00:00,12.02,12.16,11.84,11.99,81
2014.02.18,00:00,12.01,12.03,11.37,11.37,481
2014.02.19,00:00,11.42,11.42,10.87,10.96,901
2014.02.20,00:00,10.96,11.05,10.58,10.71,624
2014.02.21,00:00,10.75,11.03,10.6,10.86,319
2014.02.24,00:00,10.77,10.98,10.69,10.86,215
2014.02.25,00:00,10.96,11.04,10.73,11.02,365
2014.02.26,00:00,10.97,11.57,10.87,11.52,105
2014.02.27,00:00,11.62,12.58,11.45,12.58,273
2014.02.28,00:00,12.78,13.24,12.26,12.64,824
2014.03.05,00:00,12.54,12.71,12.3,12.71,53
2014.03.06,00:00,12.86,13.23,12.69,13.23,435
2014.03.07,00:00,13.22,13.51,13.13,13.21,243
2014.03.10,00:00,13.31,13.31,12.56,12.93,336
2014.03.11,00:00,12.93,12.93,12.57,12.63,274
2014.03.12,00:00,12.54,12.54,12.23,12.32,312
2014.03.13,00:00,12.38,12.78,12.18,12.41,203
2014.03.14,00:00,12.26,12.54,12.08,12.54,157
2014.03.17,00:00,12.62,12.62,12.26,12.48,828
2014.03.18,00:00,12.41,12.53,12.27,12.49,695
2014.03.19,00:00,12.44,12.61,12.39,12.61,1211
2014.03.20,00:00,12.56,12.56,12.34,12.36,1217
2014.03.21,00:00,12.33,12.54,12.29,12.54,1187
2014.03.24,00:00,12.53,12.53,12.34,12.36,299
2014.03.25,00:00,12.31,12.51,12.27,12.51,1177
2014.03.26,00:00,12.55,12.57,12.32,12.49,1323
2014.03.27,00:00,12.44,13.02,12.22,13.02,1053
2014.03.28,00:00,13.1,13.5,12.8,13.42,2157
2014.03.31,00:00,13.41,13.47,13.27,13.39,705
2014.04.01,00:00,13.38,13.38,13.11,13.33,1108
2014.04.02,00:00,13.24,13.6,13.2,13.55,607
2014.04.03,00:00,13.55,14.04,13.49,14.01,1217
2014.04.04,00:00,14.13,14.3,13.69,13.86,1011
2014.04.07,00:00,13.97,14.11,13.93,14.11,983
2014.04.08,00:00,14.11,14.13,13.69,14.13,977
2014.04.09,00:00,14.04,14.17,13.89,14.13,969
2014.04.10,00:00,14.07,14.39,13.93,14.39,1413
2014.04.11,00:00,14.32,14.67,14.13,14.67,947
2014.04.14,00:00,14.61,15.28,14.52,15.23,1697
2014.04.15,00:00,15.19,15.45,14.91,15.23,1048
2014.04.16,00:00,15.19,15.8,15.08,15.67,1550
2014.04.17,00:00,15.67,15.67,14.95,15.44,1347
2014.04.22,00:00,15.54,15.8,15.13,15.28,966
2014.04.23,00:00,15.41,15.45,14.95,15.04,1413
2014.04.24,00:00,15.1,15.19,14.75,14.83,1081
2014.04.25,00:00,14.9,14.92,14.45,14.56,1259
2014.04.28,00:00,14.56,14.73,14.27,14.42,1448
2014.04.29,00:00,14.44,14.88,14.19,14.54,1112
2014.04.30,00:00,14.5,15,14.29,14.47,1486
2014.05.02,00:00,14.47,14.63,14.37,14.5,735
2014.05.05,00:00,14.5,14.62,14.36,14.45,1353
2014.05.06,00:00,14.38,14.38,13.97,13.97,1705
2014.05.07,00:00,14.1,14.18,13.61,13.96,1262
2014.05.08,00:00,13.96,14,13.55,13.65,958
2014.05.09,00:00,13.67,13.67,13.25,13.48,1687
2014.05.12,00:00,13.49,13.79,13.11,13.3,893
2014.05.13,00:00,13.31,13.69,13.14,13.64,1101
2014.05.14,00:00,13.71,13.84,13.62,13.64,831
2014.05.15,00:00,13.47,13.72,13.47,13.6,230
2014.05.16,00:00,13.56,13.56,13.24,13.48,626
2014.05.19,00:00,13.52,13.53,13.22,13.45,449
2014.05.20,00:00,13.57,13.57,13.34,13.43,164
2014.05.21,00:00,13.63,13.63,13.46,13.5,41
2014.05.22,00:00,13.52,13.82,13.42,13.56,452
2014.05.23,00:00,13.63,13.72,13.32,13.34,382
2014.05.26,00:00,13.43,13.5,12.95,13.18,792
2014.05.27,00:00,13.2,13.2,12.72,12.94,2071
2014.05.28,00:00,12.93,12.93,12.51,12.63,756
2014.05.29,00:00,12.67,12.86,12.41,12.86,703
2014.05.30,00:00,12.82,12.99,12.67,12.72,675
2014.06.02,00:00,12.71,12.71,12.45,12.59,753
2014.06.03,00:00,12.65,12.73,12.45,12.68,1385
2014.06.04,00:00,12.67,12.67,12.49,12.54,696
2014.06.05,00:00,12.59,12.84,12.5,12.56,1348
2014.06.06,00:00,12.84,13.04,12.64,12.77,981
2014.06.09,00:00,12.86,12.93,12.75,12.83,321
2014.06.10,00:00,12.81,12.81,12.54,12.66,1002
2014.06.11,00:00,12.7,12.89,12.69,12.86,591
2014.06.13,00:00,12.9,13.06,12.67,12.73,492
2014.06.16,00:00,12.78,12.78,12.59,12.67,538
2014.06.17,00:00,12.75,12.97,12.63,12.78,127
2014.06.18,00:00,12.86,12.87,12.63,12.78,196
2014.06.20,00:00,12.91,12.91,12.43,12.45,1233
2014.06.23,00:00,12.45,12.6,12.45,12.46,192
2014.06.24,00:00,12.49,12.54,12.4,12.45,530
2014.06.25,00:00,12.5,12.63,12.13,12.2,563
2014.06.26,00:00,12.25,12.25,11.95,12.14,333
2014.06.27,00:00,12.16,12.16,11.74,11.74,441
2014.06.30,00:00,11.78,11.95,11.51,11.95,596
2014.07.01,00:00,11.94,11.94,11.55,11.65,296
2014.07.02,00:00,11.71,11.85,11.57,11.79,268
2014.07.03,00:00,11.81,11.81,11.56,11.7,405
2014.07.04,00:00,11.74,11.96,11.65,11.96,84
2014.07.07,00:00,11.9,11.9,11.63,11.83,278
2014.07.08,00:00,11.86,11.86,11.38,11.52,710
2014.07.10,00:00,11.56,11.57,11.41,11.49,133
2014.07.11,00:00,11.47,11.75,11.24,11.47,1036
2014.07.14,00:00,11.51,12.18,11.32,11.92,1162
2014.07.15,00:00,11.92,12.16,11.82,12.09,169
2014.07.16,00:00,12.05,12.45,11.83,12.19,619
2014.07.17,00:00,12.13,12.63,12.13,12.63,810
2014.07.18,00:00,12.77,13.07,12.74,13.07,800
2014.07.21,00:00,13.07,13.07,12.69,12.9,534
2014.07.22,00:00,12.9,12.9,12.72,12.76,336
2014.07.23,00:00,12.76,12.76,12.49,12.56,407
2014.07.24,00:00,12.59,12.79,12.55,12.62,781
2014.07.25,00:00,12.67,12.9,12.54,12.9,201
2014.07.28,00:00,13.04,13.1,12.6,12.72,385
2014.07.29,00:00,12.89,12.89,12.45,12.57,220
2014.07.30,00:00,12.55,12.88,12.54,12.88,174
2014.07.31,00:00,12.71,12.81,12.52,12.81,221
2014.08.01,00:00,12.93,12.93,12.53,12.63,217
2014.08.04,00:00,12.74,12.89,12.41,12.72,1026
2014.08.05,00:00,12.83,13.06,12.65,12.9,1094
2014.08.06,00:00,13.12,13.25,12.77,12.89,468
2014.08.07,00:00,13.06,13.06,12.82,12.95,134
2014.08.08,00:00,12.91,13.07,12.83,13.07,161
2014.08.11,00:00,13,13,12.67,12.67,390
2014.08.12,00:00,12.76,12.76,12.11,12.59,1020
2014.08.13,00:00,12.62,12.62,12.02,12.02,1166
2014.08.14,00:00,12.02,12.1,11.7,11.89,799
2014.08.15,00:00,11.95,12.27,11.79,12.1,610
2014.08.18,00:00,12.11,12.3,11.93,12.3,487
2014.08.19,00:00,12.35,12.63,12.23,12.59,571
2014.08.20,00:00,12.87,13.03,12.52,12.96,452
2014.08.21,00:00,12.97,13.51,12.94,13.34,424
2014.08.22,00:00,13.24,13.56,13.22,13.56,674
2014.08.25,00:00,13.66,13.66,13.32,13.57,725
2014.08.26,00:00,13.56,13.88,13.39,13.79,432
2014.08.27,00:00,13.79,14.2,13.73,14.12,263
2014.08.28,00:00,14.07,14.1,13.88,14.01,324
2014.08.29,00:00,14.05,14.22,13.97,14.22,360
2014.09.01,00:00,14.22,14.39,14.05,14.23,374
2014.09.02,00:00,14.22,14.49,14.1,14.41,484
2014.09.03,00:00,14.41,14.6,14.4,14.54,364
2014.09.04,00:00,14.53,14.65,14.4,14.65,529
2014.09.05,00:00,14.59,14.85,14.4,14.85,589
2014.09.08,00:00,14.89,14.99,14.55,14.99,461
2014.09.09,00:00,14.97,14.97,14.47,14.82,579
2014.09.10,00:00,14.72,14.72,14.42,14.59,477
2014.09.11,00:00,14.64,14.87,14.38,14.87,572
2014.09.12,00:00,14.85,14.85,14.24,14.49,1058
2014.09.15,00:00,14.6,14.64,14.27,14.46,521
2014.09.16,00:00,14.49,14.54,14.36,14.5,716
2014.09.17,00:00,14.74,14.74,14.35,14.41,416
2014.09.18,00:00,14.45,14.45,14.05,14.14,755
2014.09.19,00:00,14.23,14.23,13.83,14.1,948
2014.09.22,00:00,14.24,14.39,13.4,13.95,798
2014.09.23,00:00,13.95,14.23,13.79,14.09,206
2014.09.24,00:00,14.12,14.14,13.74,14.14,352
2014.09.25,00:00,14.1,14.1,13.81,13.81,812
2014.09.26,00:00,13.89,14.14,13.77,14.14,297
2014.09.29,00:00,13.92,14.05,13.8,14.05,558
2014.09.30,00:00,14.07,14.07,13.8,13.88,667
2014.10.01,00:00,13.88,13.91,13.27,13.91,440
2014.10.02,00:00,13.89,13.89,13.4,13.57,731
2014.10.03,00:00,13.75,14.23,13.6,13.8,1021
2014.10.06,00:00,14.24,14.7,13.77,14.05,589
2014.10.07,00:00,14.34,14.47,14.05,14.36,298
2014.10.08,00:00,14.67,14.75,14.36,14.41,80
2014.10.09,00:00,14.75,14.75,14.44,14.62,117
2014.10.10,00:00,14.62,14.62,14.09,14.36,915
2014.10.13,00:00,14.48,14.48,14.09,14.37,879
2014.10.14,00:00,14.42,14.68,14.29,14.45,522
2014.10.15,00:00,14.41,14.76,14.2,14.23,952
2014.10.16,00:00,14.12,14.23,13.73,14.23,644
2014.10.17,00:00,14.49,14.49,14.03,14.26,702
2014.10.20,00:00,14.24,14.24,13.98,14.04,466
2014.10.21,00:00,14,14.08,13.5,13.88,1418
2014.10.22,00:00,13.97,13.97,13.35,13.35,768
2014.10.23,00:00,13.41,13.5,13.07,13.14,982
2014.10.24,00:00,13.3,13.82,13.01,13.34,687
2014.10.27,00:00,13.32,13.32,12.46,13.25,310
2014.10.28,00:00,13.43,13.56,12.99,13.11,885
2014.10.29,00:00,13.11,13.11,12.5,12.5,1237
2014.10.30,00:00,12.54,13.26,12.54,13.23,596
2014.10.31,00:00,13.51,13.83,12.94,13.26,1839
2014.11.03,00:00,13.28,13.34,12.99,13.23,382
2014.11.04,00:00,13.44,13.64,13.11,13.52,551
2014.11.05,00:00,13.4,13.92,13.39,13.49,897
2014.11.06,00:00,13.35,13.46,13.08,13.12,472
2014.11.07,00:00,13.23,13.44,13.06,13.43,510
2014.11.10,00:00,13.43,13.43,13.15,13.25,460
2014.11.11,00:00,13.24,13.24,12.85,12.89,367
2014.11.12,00:00,12.94,13.32,12.78,13.32,384
2014.11.13,00:00,13.31,13.31,12.97,12.97,466
2014.11.14,00:00,12.86,13.02,12.73,12.73,449
2014.11.17,00:00,12.63,12.87,12.52,12.72,345
2014.11.18,00:00,12.82,12.99,12.54,12.99,604
2014.11.19,00:00,12.94,12.94,12.67,12.9,612
2014.11.21,00:00,13.07,13.79,12.73,13.79,487
2014.11.24,00:00,13.89,13.96,13.62,13.96,404
2014.11.25,00:00,13.9,13.9,13.63,13.79,636
2014.11.26,00:00,13.92,13.96,13.58,13.79,679
2014.11.27,00:00,13.96,13.96,13.68,13.68,739
2014.11.28,00:00,14.04,14.04,13.43,13.79,780
2014.12.01,00:00,13.78,13.78,13.47,13.52,578
2014.12.02,00:00,13.66,13.77,13.3,13.4,560
2014.12.03,00:00,13.55,13.55,13.22,13.34,478
2014.12.04,00:00,13.48,13.68,13.26,13.59,899
2014.12.05,00:00,13.61,13.96,13.53,13.96,412
2014.12.08,00:00,13.87,14.23,13.8,14.23,496
2014.12.09,00:00,14.21,14.23,13.61,13.61,643
2014.12.10,00:00,13.67,13.68,13.21,13.27,543
2014.12.11,00:00,13.35,13.61,12.9,13.61,458
2014.12.12,00:00,13.43,13.55,13.02,13.34,641
2014.12.15,00:00,13.42,13.55,12.98,12.98,692
2014.12.16,00:00,12.96,13.11,12.8,12.98,537
2014.12.17,00:00,13.11,13.11,12.68,12.85,1106
2014.12.18,00:00,12.86,13.29,12.77,13.21,648
2014.12.19,00:00,13.61,13.96,13.01,13.59,776
2014.12.22,00:00,13.59,13.81,13.42,13.79,575
2014.12.23,00:00,13.88,13.98,13.7,13.7,652
2014.12.26,00:00,13.53,13.7,13.32,13.7,641
2014.12.29,00:00,13.75,13.75,13.51,13.7,367
2014.12.30,00:00,13.77,13.88,13.63,13.88,496
2015.01.02,00:00,13.79,13.81,13.49,13.61,299
2015.01.05,00:00,13.48,13.76,13.32,13.43,487
2015.01.06,00:00,13.37,13.82,13.16,13.25,810
2015.01.07,00:00,13.32,13.38,13.05,13.13,717
2015.01.08,00:00,13.21,13.25,12.67,12.67,741
2015.01.09,00:00,12.73,12.73,12.4,12.53,682
2015.01.12,00:00,12.57,12.71,12.02,12.04,689
2015.01.13,00:00,12.12,12.53,12.09,12.44,445
2015.01.14,00:00,12.44,12.5,12.2,12.33,453
2015.01.15,00:00,12.43,12.83,12.31,12.53,457
2015.01.16,00:00,12.63,12.78,12.32,12.69,510
2015.01.19,00:00,12.73,12.85,12.4,12.85,331
2015.01.20,00:00,12.89,12.89,12.23,12.53,896
2015.01.21,00:00,12.6,12.8,12.35,12.62,392
2015.01.22,00:00,12.69,12.79,12.36,12.79,411
2015.01.23,00:00,12.73,12.84,12.61,12.84,372
2015.01.26,00:00,12.72,12.76,12.49,12.49,424
2015.01.27,00:00,12.49,12.51,12.27,12.27,618
2015.01.28,00:00,12.27,12.27,11.75,11.91,892
2015.01.29,00:00,11.97,11.97,11.38,11.82,968
2015.01.30,00:00,11.84,11.84,11.22,11.3,1175
2015.02.02,00:00,11.14,11.46,11.02,11.46,645
2015.02.03,00:00,11.55,12.27,11.11,12.27,1390
2015.02.04,00:00,12.23,12.23,11.69,11.96,633
2015.02.05,00:00,11.91,12.61,11.85,12.27,1077
2015.02.06,00:00,12.71,13,12.52,12.85,2111
2015.02.09,00:00,12.93,13.12,12.91,13.12,624
2015.02.10,00:00,13.13,13.47,12.98,12.98,865
2015.02.11,00:00,12.96,13.24,12.92,13.03,766
2015.02.12,00:00,13.14,13.38,12.99,13.03,876
2015.02.13,00:00,12.88,13.34,12.67,13.34,706
2015.02.18,00:00,13.25,13.49,13.04,13.12,322
2015.02.19,00:00,13.2,13.21,13.02,13.12,748
2015.02.20,00:00,13.12,13.29,12.98,13.07,432
2015.02.23,00:00,13.06,13.17,12.78,12.8,678
2015.02.24,00:00,12.8,12.96,12.65,12.85,550
2015.02.25,00:00,12.79,13.23,12.73,12.95,649
2015.02.26,00:00,13.06,13.06,12.44,12.84,1023
2015.02.27,00:00,12.87,13.06,12.75,12.79,795
2015.03.02,00:00,12.78,12.84,12.6,12.69,560
2015.03.03,00:00,12.67,12.88,12.44,12.62,500
2015.03.04,00:00,12.52,12.79,12.47,12.79,595
2015.03.05,00:00,12.8,12.97,12.75,12.75,575
2015.03.06,00:00,12.72,12.73,12.4,12.67,680
2015.03.09,00:00,12.62,12.63,12.08,12.25,714
2015.03.10,00:00,12.15,12.44,11.99,12.44,598
2015.03.11,00:00,12.35,12.44,12.27,12.4,1004
2015.03.12,00:00,12.45,12.58,12.35,12.53,640
2015.03.13,00:00,12.52,12.52,12.14,12.27,896
2015.03.16,00:00,12.29,12.38,11.94,12.08,846
2015.03.17,00:00,12.04,12.19,11.98,12.09,731
2015.03.18,00:00,12.08,12.4,11.96,12.4,1336
2015.03.19,00:00,12.34,12.73,12.26,12.67,1339
2015.03.20,00:00,12.7,12.76,12.52,12.53,1140
2015.03.23,00:00,12.63,12.65,12.39,12.44,577
2015.03.24,00:00,12.44,12.44,12,12.18,979
2015.03.25,00:00,12.16,12.94,12.06,12.76,1498
2015.03.26,00:00,12.67,12.67,12.42,12.62,1259
2015.03.27,00:00,12.62,12.62,12.4,12.62,1191
2015.03.30,00:00,12.57,12.7,12.14,12.14,1490
2015.03.31,00:00,12.21,12.67,11.96,12.67,1398
2015.04.01,00:00,12.68,12.71,12.49,12.67,1785
2015.04.02,00:00,12.61,12.88,12.53,12.76,2266
2015.04.06,00:00,12.77,13.29,12.7,13.29,1386
2015.04.07,00:00,13.33,13.41,12.96,13.18,1405
2015.04.08,00:00,13.51,14.09,13.25,13.97,1620
2015.04.09,00:00,13.97,14.58,13.72,14.54,1255
2015.04.10,00:00,14.32,14.72,14.1,14.19,1138
2015.04.13,00:00,14.19,14.76,13.96,14.41,1202
2015.04.14,00:00,14.4,14.62,14.14,14.5,942
2015.04.15,00:00,14.5,14.72,14.42,14.57,809
2015.04.16,00:00,14.38,14.82,14.38,14.71,787
2015.04.17,00:00,14.7,14.87,14.3,14.68,818
2015.04.20,00:00,14.28,15.32,14.28,15.28,1005
2015.04.22,00:00,15.27,16.03,15.11,16.03,1749
2015.04.23,00:00,15.98,16.68,15.83,16.3,1656
2015.04.24,00:00,16.08,17.14,15.96,17.14,1129
2015.04.27,00:00,16.76,17.09,16.74,17.01,1725
2015.04.28,00:00,17.13,17.13,16.51,16.59,1491
2015.04.29,00:00,16.6,16.65,16.04,16.17,1386
2015.04.30,00:00,16.47,16.47,15.77,16.16,1352
2015.05.04,00:00,16.2,16.4,16.06,16.4,1375
2015.05.05,00:00,16.39,16.58,16.24,16.26,833
2015.05.06,00:00,16.54,16.66,16.01,16.21,1735
2015.05.07,00:00,16.21,16.29,16.05,16.17,795
2015.05.08,00:00,16.25,16.5,16.09,16.09,1723
2015.05.11,00:00,16.11,16.29,15.74,15.8,1463
2015.05.12,00:00,15.84,15.94,15.28,15.8,1030
2015.05.13,00:00,15.62,16.29,15.44,15.84,1037
2015.05.14,00:00,15.9,16.56,15.9,16.4,2712
2015.05.15,00:00,16.32,17.51,16.32,17.23,1554
2015.05.18,00:00,17.23,17.7,17.22,17.52,2261
2015.05.19,00:00,17.65,17.95,17.24,17.46,2550
2015.05.20,00:00,17.3,17.76,17.24,17.43,1124
2015.05.21,00:00,17.32,17.71,17.3,17.71,1274
2015.05.22,00:00,17.72,17.85,17.52,17.85,1290
2015.05.25,00:00,17.69,18.08,17.65,17.71,806
2015.05.26,00:00,17.55,17.68,17.29,17.61,1119
2015.05.27,00:00,17.59,17.75,17.03,17.3,1285
2015.05.28,00:00,17.34,17.92,16.86,17.75,1844
2015.05.29,00:00,17.61,18.36,17.6,18.17,1265
2015.06.01,00:00,18.17,18.17,17.4,17.75,1119
2015.06.02,00:00,17.62,18.11,17.62,18.02,1134
2015.06.03,00:00,18,18.44,17.9,18.17,820
2015.06.05,00:00,18,18.18,17.88,17.97,653
2015.06.08,00:00,17.87,18,17.43,17.44,1102
2015.06.09,00:00,17.54,17.54,17.13,17.15,738
2015.06.10,00:00,17.37,17.48,17.16,17.29,1086
2015.06.11,00:00,17.3,17.3,17.08,17.24,585
2015.06.12,00:00,17.23,17.23,16.85,16.89,614
2015.06.15,00:00,16.68,16.85,16.41,16.66,2034
2015.06.16,00:00,16.77,16.79,16.44,16.73,1401
2015.06.17,00:00,16.71,16.72,16.42,16.59,890
2015.06.18,00:00,16.44,17.09,16.31,16.92,1651
2015.06.19,00:00,16.82,17.28,16.64,17.08,872
2015.06.22,00:00,17.02,17.47,16.73,16.93,1185
2015.06.23,00:00,16.68,16.93,16.41,16.78,2036
2015.06.24,00:00,16.87,16.92,16.44,16.78,682
2015.06.25,00:00,17.23,17.23,16.31,16.45,678
2015.06.26,00:00,16.57,17.24,16.56,17.01,1283
2015.06.29,00:00,17.01,17.01,16.45,16.82,792
2015.06.30,00:00,17.1,17.52,16.68,17.52,1135
2015.07.01,00:00,17.34,17.86,17.11,17.38,1001
2015.07.02,00:00,17.3,17.5,16.92,17.24,822
2015.07.03,00:00,17.34,18.16,17.26,17.85,1915
2015.07.06,00:00,17.74,17.75,17.16,17.43,1467
2015.07.07,00:00,17.51,17.6,17.06,17.24,1251
2015.07.08,00:00,17.29,17.48,16.97,17.04,1138
2015.07.10,00:00,17.24,17.88,17.08,17.33,1240
2015.07.13,00:00,17.54,18.51,17.18,17.72,2186
2015.07.14,00:00,17.89,18.5,17.64,18.5,1287
2015.07.15,00:00,18.35,18.64,18.29,18.45,930
2015.07.16,00:00,18.5,18.79,18.36,18.59,973
2015.07.17,00:00,18.57,18.64,18.27,18.41,1599
2015.07.20,00:00,18.51,18.64,18.22,18.45,1875
2015.07.21,00:00,18.47,18.77,18.22,18.41,1381
2015.07.22,00:00,18.57,18.57,17.18,17.88,1689
2015.07.23,00:00,17.79,17.79,17.37,17.61,1053
2015.07.24,00:00,17.69,17.71,17.25,17.52,689
2015.07.27,00:00,17.5,17.51,17,17.29,917
2015.07.28,00:00,17.48,17.48,16.55,16.87,1755
2015.07.29,00:00,16.93,17.3,16.82,17.23,1408
2015.07.30,00:00,17.41,17.41,16.64,16.77,1211
2015.07.31,00:00,16.86,17.52,16.56,17.43,1042
2015.08.03,00:00,17.43,17.43,16.72,16.82,1230
2015.08.04,00:00,16.92,16.92,16.48,16.78,1170
2015.08.05,00:00,17.01,17.06,16.58,17.06,1197
2015.08.06,00:00,17.22,17.36,16.56,16.68,1402
2015.08.07,00:00,16.67,17.01,16.25,16.78,3200
2015.08.10,00:00,16.55,16.78,16.4,16.78,920
2015.08.11,00:00,16.71,16.72,16.03,16.5,1390
2015.08.12,00:00,16.44,16.5,16.18,16.5,533
2015.08.13,00:00,16.38,16.46,16.24,16.4,673
2015.08.14,00:00,16.49,16.5,16.03,16.17,1528
2015.08.17,00:00,16.22,16.49,15.7,15.94,1544
2015.08.18,00:00,15.8,16.03,15.62,15.83,1138
2015.08.19,00:00,15.83,15.84,15.17,15.84,1869
2015.08.20,00:00,15.83,15.86,15.49,15.6,1735
2015.08.21,00:00,15.46,16.01,15.46,15.61,1343
2015.08.24,00:00,15.38,15.84,14.73,15.84,1365
2015.08.26,00:00,15.65,15.98,15.25,15.98,2311
2015.08.27,00:00,15.77,15.96,15.66,15.66,1415
2015.08.28,00:00,15.47,16.03,15.47,15.66,1131
2015.08.31,00:00,15.64,15.64,15.11,15.46,1436
2015.09.01,00:00,15.28,15.49,15.06,15.19,965
2015.09.02,00:00,15.16,15.25,14.73,14.73,961
2015.09.03,00:00,14.72,15.33,14.59,15.14,1179
2015.09.04,00:00,14.92,15.64,14.91,15.38,890
2015.09.08,00:00,15.61,15.84,15.21,15.69,1258
2015.09.09,00:00,15.85,15.86,15.36,15.56,1511
2015.09.10,00:00,15.38,15.66,14.63,15,2686
2015.09.11,00:00,15.07,15.19,14.46,14.74,2075
2015.09.14,00:00,14.83,14.83,14.35,14.54,1244
2015.09.15,00:00,14.62,14.63,14.32,14.59,1308
2015.09.16,00:00,14.73,15.04,14.44,14.87,1297
2015.09.17,00:00,14.78,15.68,14.56,14.95,1623
2015.09.18,00:00,14.86,15.24,14.59,15.24,1677
2015.09.21,00:00,15,15.06,14.49,14.56,1557
2015.09.22,00:00,14.56,14.56,13.56,13.98,1825
2015.09.23,00:00,14.1,14.1,13.21,13.36,1956
2015.09.24,00:00,13.36,13.36,12.81,13.05,1422
2015.09.25,00:00,13.06,13.23,12.91,12.91,936
2015.09.28,00:00,12.7,12.95,12.58,12.67,832
2015.09.29,00:00,12.76,12.98,12.34,12.4,955
2015.09.30,00:00,12.48,12.86,12.4,12.86,1215
2015.10.01,00:00,12.84,12.86,12.13,12.86,2017
2015.10.02,00:00,12.86,12.95,12.3,12.77,1531
2015.10.05,00:00,12.84,12.84,12.63,12.68,1014
2015.10.06,00:00,12.67,12.88,12.58,12.88,1486
2015.10.07,00:00,12.95,13.28,12.63,12.89,2160
2015.10.08,00:00,12.95,13.32,12.82,13.11,1520
2015.10.09,00:00,13.12,13.96,13.01,13.79,1485
2015.10.13,00:00,13.78,13.78,13.09,13.34,1499
2015.10.14,00:00,13.35,13.51,13.12,13.37,1205
2015.10.15,00:00,13.38,13.63,13.26,13.41,992
2015.10.16,00:00,13.4,13.98,13.26,13.84,2380
2015.10.19,00:00,13.85,14.22,13.7,14.17,966
2015.10.20,00:00,14.17,15,14.05,14.87,1296
2015.10.21,00:00,14.91,14.96,14.32,14.32,1997
2015.10.22,00:00,14.2,14.47,13.92,14.4,1799
2015.10.23,00:00,14.4,14.5,14.08,14.33,1742
2015.10.26,00:00,14.34,14.34,13.27,13.34,1938
2015.10.27,00:00,13.33,13.38,12.68,13.11,2117
2015.10.28,00:00,13.15,13.59,12.86,13.59,1907
2015.10.29,00:00,13.6,14.05,13.27,13.51,2330
2015.10.30,00:00,13.5,13.77,13.25,13.61,2326
2015.11.03,00:00,13.62,13.98,13.33,13.98,1583
2015.11.04,00:00,13.99,14.52,13.78,14.07,2108
2015.11.05,00:00,14.07,14.17,13.57,14.17,1933
2015.11.06,00:00,14.16,14.25,13.46,13.7,1562
2015.11.09,00:00,13.69,14.03,13.51,13.7,1121
2015.11.10,00:00,13.71,13.75,13.32,13.75,1572
2015.11.11,00:00,13.74,14.19,13.45,13.95,1075
2015.11.12,00:00,13.96,13.96,13.59,13.79,1678
2015.11.13,00:00,13.79,13.93,13.47,13.51,1349
2015.11.16,00:00,13.51,13.62,13.39,13.51,893
2015.11.17,00:00,13.59,13.69,13.4,13.51,1074
2015.11.18,00:00,13.6,13.73,13.44,13.51,1311
2015.11.19,00:00,13.65,13.65,13.09,13.33,2018
2015.11.23,00:00,13.44,13.75,13.33,13.51,2131
2015.11.24,00:00,13.76,13.76,13.16,13.23,1225
2015.11.25,00:00,13.09,13.28,12.81,13.28,1363
2015.11.26,00:00,13.28,13.91,13.09,13.91,680
2015.11.27,00:00,13.91,13.91,13.27,13.33,1161
2015.11.30,00:00,13.33,13.33,12.86,12.86,1643
2015.12.01,00:00,12.89,13.5,12.89,12.95,1235
2015.12.02,00:00,13.02,13.22,12.78,12.78,926
2015.12.03,00:00,12.93,13.06,12.63,12.63,967
2015.12.04,00:00,12.63,12.69,12.14,12.49,1193
2015.12.07,00:00,12.86,12.86,12.35,12.44,1031
2015.12.08,00:00,12.44,12.44,12.13,12.19,929
2015.12.09,00:00,12.22,12.56,12.02,12.12,1367
2015.12.10,00:00,12.17,12.68,12.17,12.3,1045
2015.12.11,00:00,12.34,12.65,12.32,12.4,877
2015.12.14,00:00,12.63,12.63,12.12,12.12,1007
2015.12.15,00:00,12.29,12.33,12.07,12.07,1477
2015.12.16,00:00,12.06,12.17,11.98,12.12,609
2015.12.17,00:00,12.2,12.73,12.2,12.49,1320
2015.12.18,00:00,12.5,12.5,11.94,12.04,1089
2015.12.21,00:00,12.07,12.15,11.53,11.74,2070
2015.12.22,00:00,11.81,12,11.53,11.6,1858
2015.12.23,00:00,11.6,12.02,11.52,11.72,1035
2015.12.28,00:00,11.6,11.8,11.53,11.69,1407
2015.12.29,00:00,11.83,12.3,11.59,12.3,1419
2015.12.30,00:00,12.29,12.68,11.74,12.68,1971
2016.01.04,00:00,12.44,12.45,11.77,11.77,1544
2016.01.05,00:00,11.98,12.11,11.76,11.76,1453
2016.01.06,00:00,11.53,11.55,11.2,11.42,3317
2016.01.07,00:00,11.36,11.6,11.23,11.38,2210
2016.01.08,00:00,11.42,11.79,11.38,11.41,1272
2016.01.11,00:00,11.33,11.62,11.33,11.61,1263
2016.01.12,00:00,11.61,11.88,11.53,11.74,760
2016.01.13,00:00,11.84,11.92,11.47,11.54,1855
2016.01.14,00:00,11.56,11.89,11.47,11.75,1481
2016.01.15,00:00,11.56,11.67,11.35,11.48,1346
2016.01.18,00:00,11.56,11.68,11.39,11.64,826
2016.01.19,00:00,11.6,11.84,11.53,11.67,1394
2016.01.20,00:00,11.67,11.8,11.35,11.65,1791
2016.01.21,00:00,11.65,11.84,11.4,11.79,1075
2016.01.22,00:00,11.87,12.2,11.74,12.12,1621
2016.01.26,00:00,12.12,12.12,11.38,11.56,2875
2016.01.27,00:00,11.6,12.27,11.6,12.27,1968
2016.01.28,00:00,12.27,12.56,12.03,12.03,1485
2016.01.29,00:00,12.04,12.59,11.74,11.74,1693
2016.02.01,00:00,11.84,11.98,11.24,11.74,2774
2016.02.02,00:00,11.73,11.83,11.55,11.74,1636
2016.02.03,00:00,11.75,11.79,11.43,11.46,676
2016.02.04,00:00,11.58,12.15,11.44,11.74,1512
2016.02.05,00:00,11.84,11.84,11.29,11.29,881
2016.02.10,00:00,11.29,11.29,10.66,10.66,1129
2016.02.11,00:00,10.53,10.53,10.07,10.14,2072
2016.02.12,00:00,10.33,10.56,10.14,10.56,2324
2016.02.15,00:00,10.57,10.8,10.41,10.41,932
2016.02.16,00:00,10.43,10.78,10.43,10.47,1000
2016.02.17,00:00,10.5,10.61,10.34,10.42,1168
2016.02.18,00:00,10.61,11.34,10.39,11.27,1967
2016.02.19,00:00,11.34,11.56,11.08,11.37,1727
2016.02.22,00:00,11.52,12.02,11.21,11.32,2929
2016.02.23,00:00,11.37,11.79,11.27,11.27,2305
2016.02.24,00:00,11.22,11.36,10.84,11.27,1817
2016.02.25,00:00,11.27,11.54,11.12,11.29,1363
2016.02.26,00:00,11.33,12.17,11.33,12.07,3441
2016.02.29,00:00,12.07,12.46,11.74,12.39,1976
2016.03.01,00:00,12.48,13.03,12.38,12.63,1898
2016.03.02,00:00,12.65,13.47,12.65,13.2,2695
2016.03.03,00:00,13.36,13.89,13.29,13.4,2536
2016.03.04,00:00,13.9,14.46,13.56,14.28,1487
2016.03.07,00:00,14.19,14.33,13.92,14.13,1289
2016.03.08,00:00,14.13,14.36,13.83,13.95,2082
2016.03.09,00:00,14.09,14.5,14.05,14.18,2109
2016.03.10,00:00,14.35,15.01,14.32,14.87,2157
2016.03.11,00:00,14.84,15.55,13.8,15.26,2929
2016.03.14,00:00,15.38,15.56,14.72,15.12,2344
2016.03.15,00:00,15.02,15.02,13.96,14.05,1512
2016.03.16,00:00,14.05,14.45,13.66,14.16,1258
2016.03.17,00:00,15.03,15.13,14.57,15.13,1136
2016.03.18,00:00,15.28,15.87,14.78,15.87,1506
2016.03.21,00:00,15.87,15.97,15.32,15.74,1099
2016.03.22,00:00,15.75,15.77,15.35,15.5,1240
2016.03.23,00:00,15.35,15.4,14.63,15.22,1470
2016.03.24,00:00,15.22,15.35,14.85,14.98,1305
2016.03.28,00:00,15,15.75,14.99,15.6,2259
2016.03.29,00:00,15.72,16.34,15.4,16.11,3371
2016.03.30,00:00,16.1,16.1,15.66,15.97,1353
2016.03.31,00:00,15.96,16.2,15.64,15.72,1349
2016.04.01,00:00,15.69,16.19,15.33,15.98,1069
2016.04.04,00:00,16.01,16.02,15.71,15.97,1218
2016.04.05,00:00,16.04,16.35,15.39,16.25,1890
2016.04.06,00:00,16.24,16.34,16.04,16.2,697
2016.04.07,00:00,16.36,16.91,16.21,16.81,1663
2016.04.08,00:00,17.06,17.71,17.05,17.42,3727
2016.04.11,00:00,17.48,18.27,16.91,17.94,4237
2016.04.12,00:00,18.15,18.34,17.75,18.29,2314
2016.04.13,00:00,18.32,18.93,17.65,17.79,3122
2016.04.14,00:00,18.03,18.03,17.03,17.22,2843
2016.04.15,00:00,17.35,18.17,17.33,17.74,3448
2016.04.18,00:00,18.12,18.54,17.86,18.08,3104
2016.04.19,00:00,18.31,18.69,18.14,18.32,1777
2016.04.20,00:00,18.37,18.54,18.22,18.22,1403
2016.04.22,00:00,18.22,18.48,17.89,18.3,1145
2016.04.25,00:00,18.46,18.58,18.09,18.13,1805
2016.04.26,00:00,18.13,18.65,17.84,18.27,1576
2016.04.27,00:00,18.55,18.87,18.31,18.56,2073
2016.04.28,00:00,18.6,18.89,18.23,18.37,1627
2016.04.29,00:00,18.44,18.55,18.01,18.55,1401
2016.05.02,00:00,18.46,18.81,17.8,18.47,2672
2016.05.03,00:00,18.1,18.16,17.85,18.01,1072
2016.05.04,00:00,18.15,18.16,17.48,17.82,1216
2016.05.05,00:00,17.82,17.92,17.33,17.49,1309
2016.05.06,00:00,17.57,18.16,17.37,17.89,1497
2016.05.09,00:00,18.02,18.02,17.39,17.86,974
2016.05.10,00:00,17.84,18.66,17.82,18.66,1949
2016.05.11,00:00,18.66,19.15,18.61,18.74,3372
2016.05.12,00:00,18.74,19.58,18.73,19.54,1744
2016.05.13,00:00,19.63,19.64,18.98,19.43,4030
2016.05.16,00:00,19.39,20.37,19.27,19.8,4776
2016.05.17,00:00,19.82,20.24,19.52,19.69,2750
2016.05.18,00:00,19.66,20.27,19.53,19.77,1953
2016.05.19,00:00,19.77,19.81,19.1,19.33,1250
2016.05.20,00:00,19.57,19.57,19.17,19.38,1972
2016.05.23,00:00,19.16,19.55,19.06,19.38,1628
2016.05.24,00:00,19.51,19.58,19.28,19.58,1016
2016.05.25,00:00,19.61,20.04,19.59,19.94,2922
2016.05.27,00:00,20.07,20.85,19.96,20.58,2054
2016.05.30,00:00,20.58,20.78,20.26,20.38,819
2016.05.31,00:00,20.38,20.9,20.01,20.9,2035
2016.06.01,00:00,20.83,20.83,20.23,20.41,1496
2016.06.02,00:00,20.5,20.53,20,20.02,1941
2016.06.03,00:00,20.11,20.41,19.76,20.32,1307
2016.06.06,00:00,20.38,20.38,19.66,19.97,1324
2016.06.07,00:00,20.08,20.56,19.84,20.31,1852
2016.06.08,00:00,20.31,20.6,20.27,20.46,1186
2016.06.09,00:00,20.31,20.69,20.22,20.41,1260
2016.06.10,00:00,20.27,20.58,20.16,20.3,1312
2016.06.13,00:00,20.04,20.5,19.91,20.07,1315
2016.06.14,00:00,20.08,20.12,19.53,19.63,1269
2016.06.15,00:00,19.91,20.7,19.68,20.43,1444
2016.06.16,00:00,20.29,20.73,19.92,20.45,1448
2016.06.17,00:00,20.5,20.71,20.33,20.46,619
2016.06.20,00:00,20.64,20.8,20.46,20.46,1040
2016.06.21,00:00,20.46,20.7,20.45,20.52,1167
2016.06.22,00:00,20.35,21.43,20.21,20.9,1878
2016.06.23,00:00,21.15,21.35,20.96,21.04,1003
2016.06.24,00:00,20.63,20.98,20.27,20.5,1372
2016.06.27,00:00,20.49,21.1,20.32,20.5,1829
2016.06.28,00:00,20.65,21.48,20.61,20.94,1333
2016.06.29,00:00,21.34,21.92,21.18,21.92,1138
2016.06.30,00:00,21.77,22.5,21.7,22.35,1299
2016.07.01,00:00,22.36,22.55,22.13,22.22,753
2016.07.04,00:00,22.22,22.79,22.12,22.6,1237
2016.07.05,00:00,22.31,23.12,22.31,22.6,2879
2016.07.06,00:00,22.63,22.9,22.11,22.51,3517
2016.07.07,00:00,22.56,23.43,22.56,23.35,2276
2016.07.08,00:00,23.34,23.62,23.27,23.27,1435
2016.07.11,00:00,23.51,23.51,23.31,23.43,1605
2016.07.12,00:00,23.51,23.85,23.42,23.53,1334
2016.07.13,00:00,23.75,24.22,23.45,23.9,3391
2016.07.14,00:00,23.97,25.14,23.86,24.9,1643
2016.07.15,00:00,25.04,25.04,24.47,24.51,2121
2016.07.18,00:00,24.53,25.39,24.53,25.22,1466
2016.07.19,00:00,25.01,25.57,24.96,25.2,2223
2016.07.20,00:00,25.37,25.39,24.59,24.59,2884
2016.07.21,00:00,24.61,25.07,24.48,24.78,2287
2016.07.22,00:00,24.78,25.39,24.7,25.07,1438
2016.07.25,00:00,25.1,25.34,24.32,24.57,1936
2016.07.26,00:00,24.57,25.52,24.57,25.29,1814
2016.07.27,00:00,25.39,25.73,24.41,24.41,2812
2016.07.28,00:00,22.41,22.41,20.5,20.91,6128
2016.07.29,00:00,21.19,21.58,20.65,21.09,4235
2016.08.01,00:00,21.26,21.67,20.8,21.33,2431
2016.08.02,00:00,21.38,21.54,20.85,21.06,1797
2016.08.03,00:00,21.18,22.06,20.28,21.14,3774
2016.08.04,00:00,21.33,21.99,21.19,21.7,1973
2016.08.05,00:00,21.87,22.2,21.68,22.15,1121
2016.08.08,00:00,22.16,22.16,21.33,21.33,2083
2016.08.09,00:00,21.38,21.5,20.07,20.9,3798
2016.08.10,00:00,20.91,21.6,20.49,20.8,2867
2016.08.11,00:00,20.5,22.92,20.5,22.12,9244
2016.08.12,00:00,21.68,22.9,21.66,22.61,9223
2016.08.15,00:00,22.6,22.85,22.21,22.28,5932
2016.08.16,00:00,22.11,22.44,21.6,21.63,4648
2016.08.17,00:00,21.75,22.07,21.5,22.07,2783
2016.08.18,00:00,22.15,22.15,21.38,21.63,4317
2016.08.19,00:00,21.78,21.86,21.42,21.86,2343
2016.08.22,00:00,21.92,21.92,21.48,21.48,2503
2016.08.23,00:00,21.58,21.83,21.49,21.68,2405
2016.08.24,00:00,21.7,21.7,21.01,21.12,2447
2016.08.25,00:00,21.12,21.3,20.99,21.19,1876
2016.08.26,00:00,21.2,22.2,21.01,21.38,4238
2016.08.29,00:00,21.68,21.78,21.23,21.58,3534
2016.08.30,00:00,21.63,22.12,21.47,22.12,2865
2016.08.31,00:00,22.16,22.25,21.82,21.92,2669
2016.09.01,00:00,22.12,22.12,21.54,21.88,1862
2016.09.02,00:00,22,22.27,21.97,22.27,1255
2016.09.05,00:00,22.36,22.46,22.04,22.46,1632
2016.09.06,00:00,22.52,23.24,22.31,23.03,3987
2016.09.08,00:00,23.13,23.34,22.89,23.19,2932
2016.09.09,00:00,23.16,23.16,22.62,22.75,1574
2016.09.12,00:00,22.46,23.49,22.15,22.99,2277
2016.09.13,00:00,22.81,22.87,22.04,22.46,2531
2016.09.14,00:00,22.46,22.7,22.15,22.45,2311
2016.09.15,00:00,22.68,23.08,22.21,22.9,2915
2016.09.16,00:00,22.9,23.09,22.19,22.56,1159
2016.09.19,00:00,22.75,22.98,22.14,22.47,2071
2016.09.20,00:00,22.53,22.84,22.49,22.66,2777
2016.09.21,00:00,22.7,23.29,22.51,23.23,3709
2016.09.22,00:00,23.35,24.01,23.35,23.63,3394
2016.09.23,00:00,23.82,23.92,22.96,23.25,3129
2016.09.26,00:00,23.27,23.3,22.56,22.91,2431
2016.09.27,00:00,22.9,23.31,22.87,23.16,2926
2016.09.28,00:00,23.17,23.56,23.17,23.43,3016
2016.09.29,00:00,23.49,23.97,23.49,23.74,3204
2016.09.30,00:00,23.72,23.87,23.41,23.48,3492
2016.10.03,00:00,23.51,24.4,23.51,24.27,3283
2016.10.04,00:00,24.41,24.6,23.94,24.1,3037
2016.10.05,00:00,24.11,24.63,24.1,24.31,2876
2016.10.06,00:00,24.41,24.56,24.03,24.24,1813
2016.10.07,00:00,24.24,24.53,23.91,24.22,2961
2016.10.10,00:00,24.36,24.56,24.22,24.29,3257
2016.10.11,00:00,24.22,24.49,23.85,23.9,2009
2016.10.13,00:00,23.87,23.87,23.53,23.68,3942
2016.10.14,00:00,23.68,24.06,23.43,23.56,3105
2016.10.17,00:00,23.7,23.76,23.27,23.53,2149
2016.10.18,00:00,23.53,24.18,23.53,24.12,3281
2016.10.19,00:00,24.12,24.17,23.54,23.66,2016
2016.10.20,00:00,23.66,23.66,23.09,23.24,3338
2016.10.21,00:00,23.19,23.7,23.14,23.43,2817
2016.10.24,00:00,23.42,23.66,23.09,23.15,2426
2016.10.25,00:00,23.15,23.63,23.14,23.18,2209
2016.10.26,00:00,23.18,23.35,22.17,23.09,2788
2016.10.27,00:00,23.19,23.68,22.91,23.43,3791
2016.10.28,00:00,23.43,23.78,23.18,23.63,1560
2016.10.31,00:00,23.61,24.12,23.44,23.92,2440
2016.11.01,00:00,23.98,24.27,23.29,23.43,3263
2016.11.03,00:00,23.43,23.68,23.2,23.32,1355
2016.11.04,00:00,23.23,24.34,22.8,23.73,2868
2016.11.07,00:00,24.21,24.55,24.05,24.51,4603
2016.11.08,00:00,24.24,25.39,24.24,25.29,6281
2016.11.09,00:00,24.22,25.57,23.83,24.95,2979
2016.11.10,00:00,25.28,25.37,23.43,24.07,6454
2016.11.11,00:00,24.07,24.29,22.96,23.3,6668
2016.11.14,00:00,23.43,23.86,22.86,23.08,5688
2016.11.16,00:00,23.14,23.31,22.84,23.31,2614
2016.11.17,00:00,23.6,23.84,22.98,23.59,3087
2016.11.18,00:00,23.91,23.92,23.31,23.4,2465
2016.11.21,00:00,23.43,23.82,23,23.82,1842
2016.11.22,00:00,24.17,24.33,22.88,23.25,2969
2016.11.23,00:00,23.25,23.38,22.27,22.7,4711
2016.11.24,00:00,22.75,22.98,22.32,22.85,954
2016.11.25,00:00,22.84,23.28,22.67,23.05,1411
2016.11.28,00:00,23.05,23.13,22.6,22.95,1890
2016.11.29,00:00,22.98,23.08,22.6,22.91,2198
2016.11.30,00:00,23.18,23.23,22.6,23.23,2092
2016.12.01,00:00,23.35,23.35,21.86,22.15,5376
2016.12.02,00:00,22.26,22.26,21.24,21.99,2440
2016.12.05,00:00,21.97,22.45,21.73,22.13,3030
2016.12.06,00:00,22.04,22.75,21.84,22.51,3549
2016.12.07,00:00,22.52,22.93,22.28,22.56,1847
2016.12.08,00:00,22.41,23.21,22.41,22.89,1615
2016.12.09,00:00,23.14,23.14,22.32,22.7,2349
2016.12.12,00:00,22.6,22.73,22.04,22.5,1049
2016.12.13,00:00,22.39,22.97,22.38,22.52,2387
2016.12.14,00:00,22.63,23.68,22.15,22.88,4697
2016.12.15,00:00,22.8,23.18,22.18,22.41,3129
2016.12.16,00:00,22.43,23.05,22.43,23,2096
2016.12.19,00:00,22.98,22.98,22.01,22.3,2518
2016.12.20,00:00,22.57,22.65,21.54,21.79,5869
2016.12.21,00:00,21.92,22.19,21.62,21.88,5186
2016.12.22,00:00,21.88,22,21.62,21.73,4005
2016.12.23,00:00,21.9,22.16,21.7,21.92,2116
2016.12.26,00:00,22.08,22.19,21.93,22.02,978
2016.12.27,00:00,22.2,22.6,22.2,22.49,2418
2016.12.28,00:00,22.61,22.82,22.36,22.8,1585
2016.12.29,00:00,22.83,23.29,22.57,23.29,2531
2017.01.02,00:00,23.24,23.24,22.61,22.62,1255
2017.01.03,00:00,22.7,23.38,22.65,23.3,3448
2017.01.04,00:00,23.93,24.44,23.64,24.04,5878
2017.01.05,00:00,24.08,24.98,23.91,24.77,3863
2017.01.06,00:00,24.67,24.79,24.1,24.56,2709
2017.01.09,00:00,24.57,25.01,23.99,24.77,3253
2017.01.10,00:00,24.95,25.02,24.28,24.67,4160
2017.01.11,00:00,24.69,24.96,24.56,24.82,2559
2017.01.12,00:00,25.55,25.92,24.52,24.95,5989
2017.01.13,00:00,24.86,25.9,24.82,25.9,5577
2017.01.16,00:00,25.9,25.9,25.12,25.39,2788
2017.01.17,00:00,25.28,25.55,25.06,25.22,3014
2017.01.18,00:00,25.22,25.55,24.82,25.26,3880
2017.01.19,00:00,25.28,25.41,24.39,24.47,3772
2017.01.20,00:00,24.63,25.49,24.62,25.49,4392
2017.01.23,00:00,25.49,25.61,25.19,25.4,1710
2017.01.24,00:00,25.37,26.2,25.22,25.69,3154
2017.01.26,00:00,25.65,26.17,25.61,25.89,3389
2017.01.27,00:00,26.05,26.06,25.09,25.41,4919
2017.01.30,00:00,25.5,25.65,24.74,25.52,3413
2017.01.31,00:00,25.5,25.77,25.37,25.55,2482
2017.02.01,00:00,25.68,25.96,25.18,25.54,3628
2017.02.02,00:00,25.52,25.69,25.16,25.61,1858
2017.02.03,00:00,25.61,26.12,25.39,26.07,2409
2017.02.06,00:00,26.13,26.26,25.46,25.64,2787
2017.02.07,00:00,25.65,26.03,25.39,26.03,2491
2017.02.08,00:00,25.95,26.53,25.78,26.11,2543
2017.02.09,00:00,26,27.44,25.92,26.54,3592
2017.02.10,00:00,26.57,26.91,26.29,26.64,5797
2017.02.13,00:00,26.88,27.72,26.76,27.27,3829
2017.02.14,00:00,27.32,27.52,26.45,26.87,3711
2017.02.15,00:00,26.94,28.36,26.92,27.62,5073
2017.02.16,00:00,27.64,27.76,27.08,27.42,5799
2017.02.17,00:00,27.42,27.43,26.78,26.8,3349
2017.02.20,00:00,26.93,27.62,26.93,27.5,2003
2017.02.21,00:00,27.8,27.81,27.32,27.7,2507
2017.02.22,00:00,27.67,27.87,27.37,27.86,5075
2017.02.23,00:00,27.78,28.44,27.42,28.3,5493
2017.02.24,00:00,28.25,28.25,27.69,28.04,6326
2017.03.01,00:00,28.22,28.25,27.53,27.78,3646
2017.03.02,00:00,27.81,28.99,27.67,28.11,5235
2017.03.03,00:00,28.43,28.52,28.11,28.36,1830
2017.03.06,00:00,28.44,29.03,28.4,28.99,3203
2017.03.07,00:00,29.02,29.09,28.61,28.99,2399
2017.03.08,00:00,28.99,28.99,28.35,28.5,2561
2017.03.09,00:00,28.49,28.63,27.89,28.63,5560
2017.03.10,00:00,28.81,29.42,28.81,29.38,6369
2017.03.13,00:00,29.38,29.68,29.31,29.56,3231
2017.03.14,00:00,29.56,29.57,29.19,29.48,3153
2017.03.15,00:00,29.5,29.78,29.11,29.63,2401
2017.03.16,00:00,29.63,29.88,29.39,29.58,2353
2017.03.17,00:00,29.74,29.78,29.16,29.24,3858
2017.03.20,00:00,29.26,29.36,28.67,28.89,2660
2017.03.21,00:00,29.08,29.16,28.38,28.38,2406
2017.03.22,00:00,28.41,28.51,27.83,28.11,2816
2017.03.23,00:00,28.14,29.1,27.98,28.83,3511
2017.03.24,00:00,28.83,28.96,28.22,28.26,2014
2017.03.27,00:00,28.12,28.19,27.63,27.99,2866
2017.03.28,00:00,27.98,28.11,27.65,28.11,3320
2017.03.29,00:00,28.11,29.58,27.97,29,4526
2017.03.30,00:00,29.08,29.08,28.22,28.48,8498
2017.03.31,00:00,28.49,28.86,28.18,28.4,4548
2017.04.03,00:00,28.5,29.01,28.19,28.25,3647
2017.04.04,00:00,28.49,28.7,28.14,28.4,3631
2017.04.05,00:00,28.49,28.51,28.14,28.35,4903
2017.04.06,00:00,28.35,28.92,27.86,28.47,4301
2017.04.07,00:00,28.47,28.9,28.02,28.58,4543
2017.04.10,00:00,28.59,28.69,27.86,27.96,3858
2017.04.11,00:00,27.96,28.27,27.44,28.11,4576
2017.04.12,00:00,28.09,28.48,27.66,28.23,4242
2017.04.13,00:00,28.25,28.8,28.14,28.76,2479
2017.04.17,00:00,28.76,30.07,28.6,29.93,4222
2017.04.18,00:00,29.91,30.23,29.66,30.02,5240
2017.04.19,00:00,30.1,30.3,29.25,29.89,3902
2017.04.20,00:00,30.08,30.23,29.58,29.78,2524
2017.04.24,00:00,29.74,30,29.12,29.35,4243
2017.04.25,00:00,29.42,29.42,28.84,29.14,2832
2017.04.26,00:00,29.14,29.72,28.74,29.72,4185
2017.04.27,00:00,29.73,29.73,29.26,29.57,2079
2017.04.28,00:00,29.55,30.43,29.46,30.43,3375
2017.05.02,00:00,30.59,30.97,30.59,30.69,4161
2017.05.03,00:00,30.59,31.08,30.33,31.08,4587
2017.05.04,00:00,31.27,31.53,30.49,30.58,3394
2017.05.05,00:00,30.73,30.89,30.37,30.63,3229
2017.05.08,00:00,30.63,31.23,30.44,31.19,2628
2017.05.09,00:00,31.48,31.82,30.98,31.52,3418
2017.05.10,00:00,31.66,31.98,31.53,31.83,5653
2017.05.11,00:00,31.92,32.07,30.99,31.13,4693
2017.05.12,00:00,31.41,31.61,30.42,31.61,3425
2017.05.15,00:00,31.52,31.61,30.73,31.03,4796
2017.05.16,00:00,31.19,32.3,31.03,32.3,4707
2017.05.17,00:00,32.29,32.31,31.76,32.17,4043
2017.05.18,00:00,27.96,29.7,27.67,29.16,7349
2017.05.19,00:00,28.95,30.28,28.67,29.1,3846
2017.05.22,00:00,29.12,29.12,27.1,27.62,5607
2017.05.23,00:00,27.62,29.02,27.62,28.4,4783
2017.05.24,00:00,28.66,29.75,28.6,29.39,4795
2017.05.25,00:00,29.1,29.8,29.1,29.48,2783
2017.05.26,00:00,29.81,31.39,29.62,30.73,4494
2017.05.29,00:00,30.73,30.83,29.92,30.83,2070
2017.05.30,00:00,30.83,31,30.34,30.48,3131
2017.05.31,00:00,30.43,30.74,29.38,29.64,4799
2017.06.01,00:00,29.91,29.93,29.15,29.5,2340
2017.06.02,00:00,29.49,30.38,29.4,30.29,3770
2017.06.05,00:00,30.35,30.51,29.83,30.47,2689
2017.06.06,00:00,30.43,31.02,30.15,30.93,3447
2017.06.07,00:00,30.93,31.64,30.88,31.61,2882
2017.06.08,00:00,31.57,32.81,31.23,32.81,3723
2017.06.09,00:00,32.41,33.4,32.4,33.09,4393
2017.06.12,00:00,33.39,33.39,32.12,32.46,2401
2017.06.13,00:00,32.8,33.5,32.13,33.4,2459
2017.06.14,00:00,33.51,33.6,32.92,33.6,2846
2017.06.16,00:00,33.4,34.17,33.33,33.84,1509
2017.06.19,00:00,33.74,34.23,33.62,33.98,2364
2017.06.20,00:00,33.99,34,33.11,33.2,3556
2017.06.21,00:00,32.86,33.2,32.11,32.11,3499
2017.06.22,00:00,32.36,32.44,31.35,32.16,5215
2017.06.23,00:00,32.15,32.6,31.37,32.15,4195
2017.06.26,00:00,32.17,32.94,32.17,32.81,2611
2017.06.27,00:00,32.71,32.74,32.1,32.36,3621
2017.06.28,00:00,32.55,32.55,31.72,31.77,3658
2017.06.29,00:00,32.06,32.06,30.71,31.62,6884
2017.06.30,00:00,31.62,32.38,31.4,32.01,3308
2017.07.03,00:00,31.99,32.4,31.76,32.36,1899
2017.07.04,00:00,32.4,32.59,31.9,32.46,2224
2017.07.05,00:00,32.45,33.08,32.31,32.9,3768
2017.07.06,00:00,33.1,34.17,33.1,33.79,4706
2017.07.07,00:00,33.7,34.52,33.4,33.62,4694
2017.07.10,00:00,33.7,33.97,33.19,33.42,3036
2017.07.11,00:00,33.56,33.56,33.15,33.46,2066
2017.07.12,00:00,33.6,34.31,33.21,33.79,3926
2017.07.13,00:00,34,34.83,34,34.42,3318
2017.07.14,00:00,34.39,34.8,33.82,34.44,2397
2017.07.17,00:00,34.26,34.57,33.62,33.7,3279
2017.07.18,00:00,33.7,34.02,33.21,33.9,5705
2017.07.19,00:00,33.9,34.48,33.43,33.99,3706
2017.07.20,00:00,34.03,34.57,33.83,34.57,2829
2017.07.21,00:00,34.58,34.72,34.4,34.55,1887
2017.07.24,00:00,34.58,34.58,34.12,34.58,1292
2017.07.25,00:00,34.48,35.36,34.48,35.08,4873
2017.07.26,00:00,35.23,35.33,34.63,34.98,1624
2017.07.27,00:00,35.28,35.54,34.93,35.33,1784
2017.07.28,00:00,35.27,35.3,34.82,34.82,2398
2017.07.31,00:00,34.82,35.23,34.68,35.23,2290
2017.08.01,00:00,35.2,35.39,34.67,34.85,1790
2017.08.02,00:00,34.85,35.54,34.78,35.27,2958
2017.08.03,00:00,35.28,35.33,33.97,34.68,3656
2017.08.04,00:00,35.02,35.02,33.93,34.83,4232
2017.08.07,00:00,35.01,35.32,34.74,34.93,2105
2017.08.08,00:00,34.93,35.08,34.65,34.88,1657
2017.08.09,00:00,34.52,35.28,34.51,35.28,1683
2017.08.10,00:00,35.33,35.34,34.39,34.88,3989
2017.08.11,00:00,34.63,35.16,34.17,34.5,3276
2017.08.14,00:00,34.57,35.14,34.47,34.83,5246
2017.08.15,00:00,34.83,34.87,34.34,34.45,3875
2017.08.16,00:00,34.44,34.66,33.17,33.58,7199
2017.08.17,00:00,33.7,34.68,33.28,34.49,4521
2017.08.18,00:00,34.49,34.62,34.07,34.62,2156
2017.08.21,00:00,34.62,35.42,34.45,35.28,4471
2017.08.22,00:00,35.38,36.23,35.12,35.32,3288
2017.08.23,00:00,35.28,36.25,35.28,36.16,3485
2017.08.24,00:00,36.23,37.09,36.23,36.96,4601
2017.08.25,00:00,36.84,37.07,35.9,36.46,3552
2017.08.28,00:00,36.42,36.51,36.01,36.36,4835
2017.08.29,00:00,36.24,36.55,35.97,36.46,1993
2017.08.30,00:00,36.49,37.01,36.23,37.01,3716
2017.08.31,00:00,37.04,37.75,36.75,37.75,2510
2017.09.01,00:00,37.94,38.38,37.46,38.38,3500
2017.09.04,00:00,38.3,38.31,37.64,37.65,2981
2017.09.05,00:00,38.01,38.44,37.55,37.88,2602
2017.09.06,00:00,38.03,38.36,37.88,38.24,3790
2017.09.08,00:00,38.19,38.83,38.07,38.29,2736
2017.09.11,00:00,38.53,39.93,38.34,39.93,5383
2017.09.12,00:00,39.94,40.16,39.45,39.81,2904
2017.09.13,00:00,39.42,41.6,39.36,41.4,5896
2017.09.14,00:00,41.38,42.05,41.21,41.85,3725
2017.09.15,00:00,41.86,42.29,41.51,41.79,5167
2017.09.18,00:00,41.67,42.36,41.21,41.75,3730
2017.09.19,00:00,41.5,41.9,40.52,41.34,4046
2017.09.20,00:00,41.05,41.65,40.81,41.64,2869
2017.09.21,00:00,41.64,41.9,40.74,41.41,3932
2017.09.22,00:00,41.58,41.73,40.84,41.61,1919
2017.09.25,00:00,41.88,41.88,40.12,40.4,4525
2017.09.26,00:00,40.3,40.62,39.8,40.02,3838
2017.09.27,00:00,40.31,40.44,38.04,38.49,8641
2017.09.28,00:00,38.71,39.99,38.68,39.72,6936
2017.09.29,00:00,40.13,40.92,39.67,40.46,4334
2017.10.02,00:00,40.79,41.17,39.82,40.12,3167
2017.10.03,00:00,40.49,41,40.03,40.95,4137
2017.10.04,00:00,40.95,42.16,40.71,41.78,4672
2017.10.05,00:00,41.81,42.33,41.42,41.9,2385
2017.10.06,00:00,42.19,43.02,41.89,42.95,4725
2017.10.09,00:00,43.39,43.39,41.97,42.48,3629
2017.10.10,00:00,42.64,43.03,42.29,43.03,3054
2017.10.11,00:00,43.08,43.66,42.79,43.51,2879
2017.10.13,00:00,43.53,44.32,43.26,43.97,3706
2017.10.16,00:00,44.19,44.37,42.98,43.08,5179
2017.10.17,00:00,43.09,43.1,42.49,42.79,3291
2017.10.18,00:00,43,44.22,42.88,43.85,2619
2017.10.19,00:00,43.85,44.37,43.2,44.32,3234
2017.10.20,00:00,44.33,45.16,43.84,45.16,3816
2017.10.23,00:00,45.17,45.17,43.85,44.52,5198
2017.10.24,00:00,44.46,45.51,44.05,44.66,3931
2017.10.25,00:00,45.02,45.02,43.43,44.31,4320
2017.10.26,00:00,44.3,44.44,42.55,42.79,5938
2017.10.27,00:00,43.18,43.77,42.67,43.48,5192
2017.10.30,00:00,43.48,43.48,41.26,42.63,5238
2017.10.31,00:00,42.67,43,41.74,42.69,3217
2017.11.01,00:00,43.05,43.39,42.55,43.23,1845
2017.11.03,00:00,43.26,43.76,40.79,42.24,4498
2017.11.06,00:00,42.67,42.67,41.16,41.7,4282
2017.11.07,00:00,41.93,41.93,40.1,41.11,7306
2017.11.08,00:00,41.62,42.78,41.19,42.74,3806
2017.11.09,00:00,43.13,43.64,41.11,41.99,6572
2017.11.10,00:00,41.99,41.99,39.92,40.25,7962
2017.11.13,00:00,40.29,41.31,39.98,40.9,4995
2017.11.14,00:00,41.36,41.9,40.48,40.56,6136
2017.11.16,00:00,40.85,42.68,40.56,42.68,6792
2017.11.17,00:00,42.68,43.48,42.26,43.48,4159
2017.11.21,00:00,44.36,45.15,43.64,44.9,6394
2017.11.22,00:00,44.57,45.8,44.55,45.55,4717
2017.11.23,00:00,45.53,45.65,44.97,45.31,2589
2017.11.24,00:00,45.6,46.18,45.14,46.1,2391
2017.11.27,00:00,45.73,45.9,44.09,45.25,4802
2017.11.28,00:00,45.25,45.36,44.42,45.21,3479
2017.11.29,00:00,45.06,45.44,44.68,44.86,4499
2017.11.30,00:00,44.85,44.85,43.28,44.44,4690
2017.12.01,00:00,44.44,44.55,43.78,44.19,3090
2017.12.04,00:00,44.63,44.66,43.53,44.64,4696
2017.12.05,00:00,44.64,45.32,43.97,44.32,5438
2017.12.06,00:00,44.26,44.82,43.58,44.56,4518
2017.12.07,00:00,43.91,44.73,43.1,44.41,3345
2017.12.08,00:00,44.47,45.71,44.39,44.96,2816
2017.12.11,00:00,45.44,45.72,44.15,44.36,2420
2017.12.12,00:00,44.33,44.82,43.6,44.53,2353
2017.12.13,00:00,44.47,45.55,44,44.14,3612
2017.12.14,00:00,44.13,45.08,43.62,44.98,4193
2017.12.15,00:00,44.61,46.36,44.38,45.68,6611
2017.12.18,00:00,46.23,46.26,45.49,45.96,4797
2017.12.19,00:00,46.09,46.09,44.66,45.18,3728
2017.12.20,00:00,45.3,45.59,44.72,45.5,4309
2017.12.21,00:00,45.33,46.89,44.92,46.89,3478
2017.12.22,00:00,46.94,46.94,45.91,46.57,3415
2017.12.26,00:00,46.67,46.9,46.18,46.76,1575
2017.12.27,00:00,46.76,47.78,46.58,47.78,5222
2017.12.28,00:00,47.34,48.32,47.34,48.18,3745
2018.01.02,00:00,48.18,49.55,48.17,49.55,4527
2018.01.03,00:00,49.15,50.51,48.64,49.26,4036
2018.01.04,00:00,49.17,49.81,48.78,49.66,5962
2018.01.05,00:00,49.65,49.65,48.69,49.41,4093
2018.01.08,00:00,49.4,49.4,48.5,49.2,4010
2018.01.09,00:00,49.59,50.27,48.88,49.75,4151
2018.01.10,00:00,49.2,49.98,49.2,49.77,3908
2018.01.11,00:00,49.82,50.27,49.06,50.27,2557
2018.01.12,00:00,50.06,50.07,48.91,49.79,4340
2018.01.15,00:00,50.05,50.05,49.32,49.77,2664
2018.01.16,00:00,49.67,50.39,49.51,50.16,2517
2018.01.17,00:00,50.39,50.46,49.49,50.46,2732
2018.01.18,00:00,50.37,50.66,49.86,50.66,2726
2018.01.19,00:00,50.96,51.14,50.55,50.67,2741
2018.01.22,00:00,50.69,50.77,50.04,50.17,2979
2018.01.23,00:00,50.12,50.21,49.6,50.06,2272
2018.01.24,00:00,50.06,52.09,50.06,52.01,3664
2018.01.26,00:00,52.11,54.62,52.11,53.98,6541
2018.01.29,00:00,53.97,54.65,53.09,53.64,4853
2018.01.30,00:00,53.54,54.35,52.89,53.1,3035
2018.01.31,00:00,53.6,55.08,53.3,54.77,3606
2018.02.01,00:00,54.42,56.13,54.42,56.06,4790
2018.02.02,00:00,55.88,55.9,54.33,54.74,3840
2018.02.05,00:00,54.53,55.88,53.55,54.24,3959
2018.02.06,00:00,53.94,55.28,52.02,55.28,4524
2018.02.07,00:00,55.28,55.57,54.34,54.64,4532
2018.02.08,00:00,54.97,55.63,53.25,54.31,7727
2018.02.09,00:00,54.12,54.12,52.67,53.35,4943
2018.02.14,00:00,53.65,54.98,52.98,54.98,6090
2018.02.15,00:00,55.13,55.5,54.49,54.64,3465
2018.02.16,00:00,54.92,54.92,54.21,54.88,3248
2018.02.19,00:00,54.82,55.46,54.69,55.46,1197
2018.02.20,00:00,55.2,55.73,54.72,55.73,2372
2018.02.21,00:00,55.74,55.98,54.71,55.12,4593
2018.02.22,00:00,54.98,55.33,54.49,55.33,3422
2018.02.23,00:00,55.46,56.45,54.68,56.43,3892
2018.02.26,00:00,56.67,57.02,55.41,56.11,4015
2018.02.27,00:00,56.54,56.54,55.06,55.78,3452
2018.02.28,00:00,55.78,55.86,55.24,55.77,3701
2018.03.01,00:00,55.38,56.62,55.38,56.06,2828
2018.03.02,00:00,55.74,55.86,54.25,55.08,4238
2018.03.05,00:00,55.15,55.33,54.3,54.33,3340
2018.03.06,00:00,54.14,54.71,52.15,53.85,7204
2018.03.07,00:00,53.64,54.14,52.66,54.04,6127
2018.03.08,00:00,54.05,55.21,53.33,55.21,4047
2018.03.09,00:00,55.21,57.02,54.95,56.61,4899
2018.03.12,00:00,56.72,56.78,56.12,56.72,2391
2018.03.13,00:00,56.77,57.32,56.36,56.82,3415
2018.03.14,00:00,56.79,56.8,55.63,56.64,4199
2018.03.15,00:00,56.61,57.19,55.88,56.52,5511
2018.03.16,00:00,56.52,58.35,56.2,57.66,7607
2018.03.19,00:00,58.13,58.13,55.78,56.03,7570
2018.03.20,00:00,56.23,57.57,55.81,57.42,3814
2018.03.21,00:00,57.61,58.1,57.04,57.58,3405
2018.03.22,00:00,57.47,58.14,57.46,57.96,3394
2018.03.23,00:00,57.88,58.55,56.48,57.82,3752
2018.03.26,00:00,58.11,58.9,57.82,58.37,3733
2018.03.27,00:00,58.37,58.37,57.62,58.21,3347
2018.03.28,00:00,58.03,59.2,56.59,58.61,5941
2018.03.29,00:00,58.77,60.5,57.97,60.25,6488
2018.04.02,00:00,60.25,60.25,58.48,58.6,3817
2018.04.03,00:00,58.2,59.01,56.83,56.83,4753
2018.04.04,00:00,56.53,57.82,55.25,56.97,5248
2018.04.05,00:00,58.22,58.93,57.11,57.62,4328
2018.04.06,00:00,57.62,58.75,57.18,58.31,4974
2018.04.09,00:00,59.01,59.01,57.12,57.31,4575
2018.04.10,00:00,57.59,57.84,56.33,57.66,5129
2018.04.11,00:00,57.96,58.23,56.74,57.86,4895
2018.04.12,00:00,57.85,58.38,57.38,58.29,4539
2018.04.13,00:00,58.38,58.45,57.28,57.92,3877
2018.04.16,00:00,58.14,59.31,57.07,57.07,3369
2018.04.17,00:00,57.07,57.8,56.93,57.67,4454
2018.04.18,00:00,58.08,58.61,57.6,58.61,4712
2018.04.19,00:00,58.51,58.7,57.67,58.05,5712
2018.04.20,00:00,58.24,58.24,57.39,57.39,4289
2018.04.23,00:00,57.32,57.7,56.42,57.41,4084
2018.04.24,00:00,57.61,58.28,57.18,57.71,2750
2018.04.25,00:00,57.62,57.76,56.58,56.75,4498
2018.04.26,00:00,57.05,58.12,56.7,57.12,3300
2018.04.27,00:00,57.14,57.91,56.73,57.33,3679
2018.04.30,00:00,57.94,58.79,57.12,57.69,3592
2018.05.02,00:00,57.61,57.61,55.51,56.23,6134
2018.05.03,00:00,56.14,56.23,53.36,53.42,6751
2018.05.04,00:00,53.52,55.14,53.26,54.37,8289
2018.05.07,00:00,54.71,54.71,52.57,53.35,6618
2018.05.08,00:00,53.42,53.86,51.86,53.22,5081
2018.05.09,00:00,52.98,53.83,52.49,53.08,5052
2018.05.10,00:00,53.37,53.6,52.64,53.49,4817
2018.05.11,00:00,53.65,54.16,51.14,51.57,8606
2018.05.14,00:00,51.34,52.18,50.25,50.39,12409
2018.05.15,00:00,49.12,50.45,48.52,49.74,14506
2018.05.16,00:00,49.74,51.66,49.49,51.66,7156
2018.05.17,00:00,51.8,51.87,49.54,49.64,8123
2018.05.18,00:00,49.61,49.61,46.82,49.29,14297
2018.05.21,00:00,49.45,50.71,49.45,50.24,8137
2018.05.22,00:00,50.93,53.07,50.32,53.06,13082
2018.05.23,00:00,52.23,52.48,50.62,50.72,6092
2018.05.24,00:00,49.82,51.5,49.62,51.5,5939
2018.05.25,00:00,51.54,51.86,50.73,50.98,2996
2018.05.28,00:00,50.82,50.82,46.91,47.25,8363
2018.05.29,00:00,48.24,50.58,48.04,49.67,9907
2018.05.30,00:00,49.05,50.73,49.05,50.73,8150
2018.06.01,00:00,50.8,52.59,50.42,51.02,8142
2018.06.04,00:00,51.78,53.8,51.18,53.8,7178
2018.06.05,00:00,53.05,53.5,50.74,50.94,7346
2018.06.06,00:00,50.86,50.86,47.51,48.35,9830
2018.06.07,00:00,47.63,47.63,39.91,46.6,20548
2018.06.08,00:00,46.67,48.74,45.08,48.74,8762
2018.06.11,00:00,48.24,48.24,44.79,45.76,11975
2018.06.12,00:00,45.56,46.01,43.54,43.67,11931
2018.06.13,00:00,42.48,44.03,41.28,42.53,15044
2018.06.14,00:00,42.42,43.96,42.3,42.3,10159
2018.06.15,00:00,42.13,43.16,41.58,41.93,5753
2018.06.18,00:00,41.73,42.9,41.19,42.76,6558
2018.06.19,00:00,42.57,44.73,42.33,44.18,6305
2018.06.20,00:00,44.96,45.89,44.17,44.98,8376
2018.06.21,00:00,44.66,45.08,42.76,43.27,7535
2018.06.22,00:00,44.07,44.07,42.23,43.12,4746
2018.06.25,00:00,43.46,44.08,42.28,43.77,5274
2018.06.26,00:00,44.41,45.26,43.36,44.96,6454
2018.06.27,00:00,44.96,44.96,42.68,43.36,6303
2018.06.28,00:00,43.37,44.24,42.78,43.41,5725
2018.06.29,00:00,43.63,44.96,43.63,44.96,5448
2018.07.02,00:00,44.07,44.62,43.08,44.42,5689
2018.07.03,00:00,44.84,45.26,43.92,44.19,4947
2018.07.04,00:00,44.59,44.61,43.82,43.82,3083
2018.07.05,00:00,43.78,44.2,42.56,43.14,4638
2018.07.06,00:00,41.67,42.08,39.88,41.27,8773
2018.07.10,00:00,41.78,41.78,39.14,39.94,9259
2018.07.11,00:00,39.78,41.13,39.1,39.99,8593
2018.07.12,00:00,40.06,41.77,39.65,41.22,7038
2018.07.13,00:00,41.38,43.17,41.02,43.02,6125
2018.07.16,00:00,43.27,44.66,43.17,44.66,6532
2018.07.17,00:00,44.76,45.58,43.99,45.06,8385
2018.07.18,00:00,44.59,45.53,44.31,44.77,5545
2018.07.19,00:00,44.31,44.32,42.69,44.2,5143
2018.07.20,00:00,44.78,46.41,44.56,44.77,8532
2018.07.23,00:00,44.71,45.2,44,44.03,4700
2018.07.24,00:00,44.48,45.61,44.26,45.61,4586
2018.07.25,00:00,45.76,47.13,45.37,47.08,5648
2018.07.26,00:00,47.15,47.25,45.12,45.14,5077
2018.07.27,00:00,45.67,45.76,44.4,45.19,5015
2018.07.30,00:00,45.28,45.89,44.78,45.24,3979
2018.07.31,00:00,45.25,45.26,43.7,43.87,5925
2018.08.01,00:00,43.71,44.34,43.57,43.97,3736
2018.08.02,00:00,43.97,44.26,43.43,43.6,4267
2018.08.03,00:00,43.6,45.57,43.54,45.17,5394
2018.08.06,00:00,45.17,46.24,44.3,44.49,5117
2018.08.07,00:00,44.52,46.64,44.52,44.96,7863
2018.08.08,00:00,44.77,44.77,42.69,43.77,7811
2018.08.09,00:00,43.36,43.61,41.92,42.58,10087
2018.08.10,00:00,42.98,44.77,42.76,43.56,15213
2018.08.13,00:00,43.54,44.25,42.92,43.77,5186
2018.08.14,00:00,44.77,45.95,44.42,45.16,5074
2018.08.15,00:00,44.77,45.41,44.16,45.4,4727
2018.08.16,00:00,45.38,45.46,44.02,44.28,4022
2018.08.17,00:00,43.57,44.24,42.51,43.98,4706
2018.08.20,00:00,43.69,43.94,42.49,43.94,3822
2018.08.21,00:00,43.66,43.79,41.57,41.57,7100
2018.08.22,00:00,41.61,42.17,41.04,42.07,4659
2018.08.23,00:00,42.13,43.08,39.96,40.21,6471
2018.08.24,00:00,40.64,41.96,40.64,41.96,5233
2018.08.27,00:00,41.93,43.88,41.66,43.32,4301
2018.08.28,00:00,43.21,43.23,41.78,42,3081
2018.08.29,00:00,41.78,43.36,41.61,43.22,3833
2018.08.30,00:00,42.69,42.86,40.79,41.36,5966
2018.08.31,00:00,41.28,42.61,41.09,42.33,5025
2018.09.03,00:00,41.8,42.13,40.83,41.09,4615
2018.09.04,00:00,40.94,41.09,38.62,39.11,5124
2018.09.05,00:00,39.16,40.24,38.86,39.79,3703
2018.09.06,00:00,40.47,40.93,39.8,40.85,4932
2018.09.10,00:00,41.59,41.77,39.88,39.93,3462
2018.09.11,00:00,39.67,39.67,38.26,38.46,4912
2018.09.12,00:00,39.1,39.79,37.98,39.6,7526
2018.09.13,00:00,39.79,40.57,38.89,39.59,7669
2018.09.14,00:00,39.39,40.13,39.1,39.58,4292
2018.09.17,00:00,39.74,41.67,39.48,41.67,6172
2018.09.18,00:00,41.38,42.94,41.03,42.18,8080
2018.09.19,00:00,41.79,42,40.77,41.19,6546
2018.09.20,00:00,41.3,41.82,40.39,40.99,2678
2018.09.21,00:00,41.53,42.91,41.12,42.91,4203
2018.09.24,00:00,42.8,42.83,41.6,42.06,3724
2018.09.25,00:00,41.26,41.66,40.9,40.97,5254
2018.09.26,00:00,41.28,41.46,40.35,40.75,5820
2018.09.27,00:00,41.29,43.12,40.8,42.91,5354
2018.09.28,00:00,42.67,43.21,42.22,43.08,5016
2018.10.01,00:00,43.09,43.46,41.53,42.62,4547
2018.10.02,00:00,43.52,45.66,43.52,45.59,6969
2018.10.03,00:00,48.64,48.64,46.13,46.69,10994
2018.10.04,00:00,46.68,46.68,45.06,45.49,6575
2018.10.05,00:00,45.95,47.88,45.95,47.68,7342
2018.10.08,00:00,51.45,52.69,49.53,50.68,14042
2018.10.09,00:00,50.3,52.44,50.06,52,7428
2018.10.10,00:00,51.65,51.65,50.17,50.5,6284
2018.10.11,00:00,51.5,51.69,49.67,49.67,4236
2018.10.15,00:00,50.25,50.33,48.82,49.44,4813
2018.10.16,00:00,50.51,52.95,50.22,52.95,6815
2018.10.17,00:00,53.13,53.47,52.14,53.24,7033
2018.10.18,00:00,53.05,53.05,51.48,52.2,4672
2018.10.19,00:00,52.67,53.12,51.86,52.89,3888
2018.10.22,00:00,53.05,54.63,52.89,54.63,6017
2018.10.23,00:00,53.85,54.54,53.29,53.64,5657
2018.10.24,00:00,54.03,54.22,51.95,52.46,4120
2018.10.25,00:00,52.55,55.38,52.55,55.37,4029
2018.10.26,00:00,55.14,57.86,54.67,57.11,8457
2018.10.29,00:00,58.6,60.09,54.68,55.52,7800
2018.10.30,00:00,56.55,57.73,55.37,57.36,8394
2018.10.31,00:00,57.51,58.6,55.55,56.22,6349
2018.11.01,00:00,57.08,57.36,56.12,56.53,5000
2018.11.05,00:00,56.65,57.86,56.24,57.41,6337
2018.11.06,00:00,56.57,58.22,56.12,56.47,6132
2018.11.07,00:00,56.82,57.13,55.45,56.12,4235
2018.11.08,00:00,56.13,56.75,54.85,56.42,4345
2018.11.09,00:00,56.59,56.59,53.88,55.09,6749
2018.11.12,00:00,55.22,56.05,54.51,55.82,4172
2018.11.13,00:00,55.82,56.62,55.29,56.02,6322
2018.11.14,00:00,56.07,56.07,54.69,55.67,4144
2018.11.16,00:00,56.07,58.12,55.8,57.62,6701
2018.11.19,00:00,57.62,57.62,55.96,56.85,5393
2018.11.21,00:00,56.84,57.67,55.73,56.53,4672
2018.11.22,00:00,56.53,57.61,56.3,57.37,3458
2018.11.23,00:00,57.32,58.1,57.27,57.76,3491
2018.11.26,00:00,57.73,58.6,56.33,56.86,6117
2018.11.27,00:00,57.6,59.49,56.49,59.05,9466
2018.11.28,00:00,59.04,61.1,58.19,61.1,4417
2018.11.29,00:00,60.56,61.28,59.35,60.21,4837
2018.11.30,00:00,60.25,61.72,59.98,61.44,5649
2018.12.03,00:00,61.78,63.32,60.67,60.68,9306
2018.12.04,00:00,60.69,61.13,57.62,58.46,7498
2018.12.05,00:00,58.63,59.3,58.27,59,4161
2018.12.06,00:00,58.21,59.49,57.36,59.16,5066
2018.12.07,00:00,58.64,60.15,58.11,58.11,4876
2018.12.10,00:00,57.92,58.59,56.84,57.14,3461
2018.12.11,00:00,58.08,59.29,57.25,58.49,6080
2018.12.12,00:00,58.62,60.37,58.62,60.24,5557
2018.12.13,00:00,60.27,63.47,60.03,61.62,7214
2018.12.14,00:00,61.4,61.8,60.19,60.62,3630
2018.12.17,00:00,60.73,61.81,59.53,59.82,4983
2018.12.18,00:00,60.42,61.72,60.29,60.97,3590
2018.12.19,00:00,61.21,62.06,59.31,59.47,4065
2018.12.20,00:00,60.16,61.49,59.7,61.02,3939
2018.12.21,00:00,61.01,62.47,60.27,61.69,3213
2018.12.26,00:00,60.87,61.79,60.37,61.71,4877
2018.12.27,00:00,61.29,61.77,59.59,60.45,5870
2018.12.28,00:00,60.93,61.47,59.95,61.15,6664
2019.01.02,00:00,61.16,61.7,60.71,61.07,11510
2019.01.03,00:00,61.47,61.62,60.07,60.68,7950
2019.01.04,00:00,60.42,60.92,59.11,59.92,7458
2019.01.07,00:00,60.51,61.91,60.13,60.67,8252
2019.01.08,00:00,60.83,61.03,58.68,58.68,5183
2019.01.09,00:00,58.8,59.77,57.96,59.04,10532
2019.01.10,00:00,59.04,59.98,59.02,59.97,5374
2019.01.11,00:00,60.07,60.09,58.46,58.97,5319
2019.01.14,00:00,59.17,59.47,58.65,58.98,4704
2019.01.15,00:00,59.12,59.96,58.87,59.43,5546
2019.01.16,00:00,59.41,59.82,58.88,59.47,4627
2019.01.17,00:00,59.26,60.17,58.99,59.87,3984
2019.01.18,00:00,59.92,60.92,59.5,59.98,4866
2019.01.21,00:00,60.47,60.47,58.68,59.5,3169
2019.01.22,00:00,59.5,60.71,58.97,59.57,5349
2019.01.23,00:00,60.17,61.65,59.12,61.65,5984
2019.01.24,00:00,61.67,62.36,61.21,61.96,5694
2019.01.28,00:00,61.87,62.77,61.17,62.17,5992
2019.01.29,00:00,62.68,63.36,62.29,62.68,4686
2019.01.30,00:00,62.68,65.21,62.47,64.66,6212
2019.01.31,00:00,64.97,65.3,63.33,63.97,6046
2019.02.01,00:00,63.99,65.1,63.8,64.77,6059
2019.02.04,00:00,64.99,65.04,63.53,63.82,5082
2019.02.05,00:00,63.47,63.81,61.68,62.82,6500
2019.02.06,00:00,62.42,62.53,59.97,59.97,8414
2019.02.07,00:00,60.62,62.02,60.17,60.7,7377
2019.02.08,00:00,60.67,61.48,59.87,60.97,5626
2019.02.11,00:00,61.06,61.39,59.87,61.13,6354
2019.02.12,00:00,61.74,63.22,60.85,63.21,6163
2019.02.13,00:00,63.29,63.88,61.84,62.34,7443
2019.02.14,00:00,62.35,63.33,60.88,62.97,5892
2019.02.15,00:00,62.46,62.94,61.85,62.59,3896
2019.02.18,00:00,62.47,62.84,61.39,61.91,3013
2019.02.19,00:00,61.92,62.47,61.21,61.86,6871
2019.02.20,00:00,61.84,62.33,60.08,61.23,9596
2019.02.21,00:00,61.59,62.05,59.97,61.86,6876
2019.02.22,00:00,62.27,62.46,60.27,60.77,7178
2019.02.25,00:00,60.98,62.06,60.16,60.37,6590
2019.02.26,00:00,60.42,60.42,59.39,59.94,4252
2019.02.27,00:00,59.87,59.87,58.87,59.23,4614
2019.02.28,00:00,59.07,59.33,57.57,58.37,7477
2019.03.01,00:00,58.37,58.94,56.84,57.87,7551
2019.03.06,00:00,57.86,57.96,55.87,56.64,6141
2019.03.07,00:00,56.96,57.16,56.28,56.57,5554
2019.03.08,00:00,56.51,57.19,56.05,57,6307
2019.03.11,00:00,57.06,58.38,57.02,58.27,5265
2019.03.12,00:00,57.97,58.02,56.5,57.52,8814
2019.03.13,00:00,57.43,57.47,54.99,55.97,15073
2019.03.14,00:00,56.15,56.81,55.04,55.72,7850
2019.03.15,00:00,55.73,56.21,54.2,54.2,7582
2019.03.18,00:00,54.74,56.8,54.33,56.61,6300
2019.03.19,00:00,56.79,58.61,56.43,58.02,9573
2019.03.20,00:00,57.95,58.9,57.08,57.71,5297
2019.03.21,00:00,58.22,58.23,55.53,57.11,8384
2019.03.22,00:00,55.87,55.87,54.17,54.38,12114
2019.03.25,00:00,54.37,55.46,53.99,54,8619
2019.03.26,00:00,54.3,55.52,53.88,54.81,5860
2019.03.27,00:00,54.01,54.28,52.1,52.65,7219
2019.03.28,00:00,52.34,55.27,51.09,54.47,11764
2019.03.29,00:00,54.96,55.08,54.03,54.72,7312
2019.04.01,00:00,55.22,55.3,54.23,54.29,3599
2019.04.02,00:00,54.67,54.87,53.52,54.02,3881
2019.04.03,00:00,54.23,54.64,52.05,52.77,6304
2019.04.04,00:00,52.97,53.5,51.67,52.57,8875
2019.04.05,00:00,52.57,53.71,51.77,53.09,6749
2019.04.08,00:00,52.79,52.79,50.98,51.67,9462
2019.04.09,00:00,51.21,51.94,50.57,50.57,6634
2019.04.10,00:00,50.82,52.25,50.51,51.77,6906
2019.04.11,00:00,51.77,52.4,51.37,52.02,3846
2019.04.12,00:00,51.29,52.38,50.57,50.97,4749
2019.04.15,00:00,51.4,51.71,50.27,50.87,5456
2019.04.16,00:00,50.72,51.35,49.9,49.9,5492
2019.04.17,00:00,50.05,50.52,48.79,49.38,7161
2019.04.18,00:00,49.59,52.82,49.59,52.29,10289
2019.04.22,00:00,52.77,53.91,52.38,53.67,7970
2019.04.23,00:00,53.96,54.77,53.11,54.61,8389
2019.04.24,00:00,54.83,54.83,53.02,53.42,6174
2019.04.25,00:00,53.42,55.33,53.12,54.97,5038
2019.04.26,00:00,55.07,56.11,54.77,55.68,6297
2019.04.29,00:00,56.08,56.37,55.77,56.21,2951
2019.04.30,00:00,55.97,56.9,55.97,56.76,4385
2019.05.02,00:00,56.7,57.38,56.11,57.35,4095
2019.05.03,00:00,57.4,57.73,56.66,56.85,3271
2019.05.06,00:00,56.66,56.66,55.77,56.23,2819
2019.05.07,00:00,56,56.6,55.03,56.6,4493
2019.05.08,00:00,56.75,59.15,56.75,58.65,9195
2019.05.09,00:00,58.02,59.18,57.86,58.65,4285
2019.05.10,00:00,58.34,58.35,53.62,53.62,12035
2019.05.13,00:00,52.5,52.83,49.2,49.5,14682
2019.05.14,00:00,50.07,52.11,49.97,51.17,9973
2019.05.15,00:00,50.65,50.65,49.23,50,5873
2019.05.16,00:00,50.15,50.15,47.5,47.9,13046
2019.05.17,00:00,47.9,47.98,43.96,46.43,19636
2019.05.20,00:00,47,47.67,45.7,47.3,7858
2019.05.21,00:00,47.5,50.75,47.5,50.3,10936
2019.05.22,00:00,51,51.33,49.24,49.6,6445
2019.05.23,00:00,49.44,50.25,48,48,4648
2019.05.24,00:00,48.5,49.38,47.16,47.3,4314
2019.05.27,00:00,47.76,48.54,47.4,47.7,3634
2019.05.28,00:00,48,49.2,48,48.8,7042
2019.05.29,00:00,48.8,50.72,48.8,48.85,7439
2019.05.30,00:00,48.86,51.53,48.28,51.53,8759
2019.05.31,00:00,51,51.62,50.25,51.62,6195
2019.06.03,00:00,51.7,52.26,50.8,51.2,4474
2019.06.04,00:00,51.96,51.96,49.5,50.22,7043
2019.06.05,00:00,50.1,50.97,48.78,48.78,3890
2019.06.06,00:00,49.5,50,48.38,49,5672
2019.06.07,00:00,49.16,50.27,48.9,49.25,4570
2019.06.10,00:00,49,49.65,48.4,48.61,3659
2019.06.11,00:00,49.36,50.42,47.6,49.1,9552
2019.06.12,00:00,49.23,49.83,48.07,48.67,4744
2019.06.13,00:00,48.9,50.44,48.57,49.99,7991
2019.06.14,00:00,50.02,51.5,49.81,50.55,6584
2019.06.17,00:00,50.13,51.74,50.05,51.05,5477
2019.06.18,00:00,51.11,52.09,50.23,50.79,7526
2019.06.19,00:00,51.34,52,50.19,51.95,6069
2019.06.21,00:00,52.5,53.9,51.81,53.27,7440
2019.06.24,00:00,53.68,53.68,52.86,53.54,4024
2019.06.25,00:00,52.9,53.5,51.4,51.51,7167
2019.06.26,00:00,52.19,52.19,50.56,50.75,4020
2019.06.27,00:00,50.5,51.1,49.99,50.25,5223
2019.06.28,00:00,50.84,51.89,49.71,49.8,7983
2019.07.01,00:00,50.45,50.8,48.25,49.12,7537
2019.07.02,00:00,49.5,49.76,48.12,48.9,8098
2019.07.03,00:00,48.66,49.43,48.45,48.74,7431
2019.07.04,00:00,49.25,49.46,47.79,48.2,12142
2019.07.05,00:00,48.59,49.4,48.2,48.67,12296
2019.07.08,00:00,49.3,49.49,48.8,49.08,8054
2019.07.10,00:00,49.59,52.96,49.5,52.3,15687
2019.07.11,00:00,52.85,53.6,52.15,53.15,11375
2019.07.12,00:00,53.55,54.48,52.6,52.97,10011
2019.07.15,00:00,53,53.24,51.07,51.07,5815
2019.07.16,00:00,51.39,51.44,50.12,50.44,4768
2019.07.17,00:00,50.45,51.16,50.03,50.26,8632
2019.07.18,00:00,50.86,50.9,48.96,49,10244
2019.07.19,00:00,49.22,49.67,47.95,48.44,8275
2019.07.22,00:00,48.9,49.1,47,47.16,7978
2019.07.23,00:00,47.3,47.8,46.13,46.39,8637
2019.07.24,00:00,46.39,47.21,46.32,46.99,7213
2019.07.25,00:00,47.25,47.56,46.35,47,6813
2019.07.26,00:00,47.29,48.5,46.6,47.98,8212
2019.07.29,00:00,48.11,48.2,47.35,47.6,4064
2019.07.30,00:00,47.28,50.58,47.11,50.05,9882
2019.07.31,00:00,49.91,51.43,49.58,50.87,13679
2019.08.01,00:00,51,52.39,50.88,51.8,11487
2019.08.02,00:00,52.2,53.4,52.2,52.81,10711
2019.08.05,00:00,52.28,52.4,51.24,51.86,8541
2019.08.06,00:00,52.1,52.64,51.34,52.35,6490
2019.08.07,00:00,51.82,51.99,50.11,51.01,7979
2019.08.08,00:00,51.27,52.11,50.72,51.8,6594
2019.08.09,00:00,55.05,57.48,54.93,56.6,19309
2019.08.12,00:00,55.3,55.3,53.56,54.89,9854
2019.08.13,00:00,54.9,56.19,53.85,54.72,9299
2019.08.14,00:00,54.25,55.48,53.53,54.35,12604
2019.08.15,00:00,54.08,54.72,51.2,52.96,9094
2019.08.16,00:00,53.21,53.5,51.51,53.15,7376
2019.08.19,00:00,53.46,54.95,52.84,53.71,6087
2019.08.20,00:00,53.7,54.05,52.02,54,5427
2019.08.21,00:00,54.29,55.89,54.07,55.89,7247
2019.08.22,00:00,55.84,55.84,54.35,55.5,6097
2019.08.23,00:00,54.94,54.94,52.03,52.59,9193
2019.08.26,00:00,52.62,53.42,51.31,52.49,7072
2019.08.27,00:00,53.55,53.55,50.27,51.8,8790
2019.08.28,00:00,51.28,51.94,50.5,51.58,6393
2019.08.29,00:00,51.65,53.55,51.39,53.15,6122
2019.08.30,00:00,53.47,54.05,52.28,53.07,5799
2019.09.02,00:00,52.91,54.6,52.66,53.7,4478
2019.09.03,00:00,53.83,55.58,52.53,53.24,6446
2019.09.04,00:00,53.78,54.56,52.13,52.2,5758
2019.09.05,00:00,52.91,53.2,51.76,51.8,8750
2019.09.06,00:00,52.19,52.61,50.81,50.83,6381
2019.09.09,00:00,51.02,51.7,50.06,51.7,6966
2019.09.10,00:00,51.75,52,50.26,50.85,4789
2019.09.11,00:00,51.28,52.5,51.03,52.5,4700
2019.09.12,00:00,52.6,52.92,51.41,51.96,5762
2019.09.13,00:00,52.06,52.14,50.88,51.3,4974
2019.09.16,00:00,51.56,51.82,50.21,50.7,6270
2019.09.17,00:00,50.85,51.64,49.8,51.1,7798
2019.09.18,00:00,51.16,52.89,50.88,52.85,8343
2019.09.19,00:00,53,54.4,52.94,53.95,8936
2019.09.20,00:00,54,54,52.2,53.22,8610
2019.09.23,00:00,53,53.05,50.92,51.25,11365
2019.09.24,00:00,51.7,52.35,51.03,51.07,8301
2019.09.25,00:00,51.14,51.46,50.25,50.9,7292
2019.09.26,00:00,50.8,52.42,50.8,52.22,6051
2019.09.27,00:00,52.23,55.13,52.18,54.74,11792
2019.09.30,00:00,54.7,56.19,53.94,55.85,8028
2019.10.01,00:00,55.87,56.56,55.24,56.2,8727
2019.10.02,00:00,55.79,55.79,53.9,54.98,10226
2019.10.03,00:00,54.71,55.47,53.38,54.91,5746
2019.10.04,00:00,54.9,55.68,54.23,55.68,3722
2019.10.07,00:00,55.06,55.88,54.28,54.53,5718
2019.10.08,00:00,54.25,54.89,53.39,53.85,4429
2019.10.09,00:00,54.45,54.45,52.5,53.8,8030
2019.10.10,00:00,53.4,53.75,52.11,52.63,9502
2019.10.11,00:00,53.16,54.08,52.75,53.15,8897
2019.10.14,00:00,53.48,54.38,52.84,53.77,3969
2019.10.15,00:00,53.76,54.74,52.81,53.65,6625
2019.10.16,00:00,53.56,53.82,52.27,53,7506
2019.10.17,00:00,53.29,53.67,52.17,52.45,5376
2019.10.18,00:00,52.31,53.45,51.3,51.76,6534
2019.10.21,00:00,52.17,52.88,51.24,51.4,4340
2019.10.22,00:00,51.51,52.98,51.27,52.6,7811
2019.10.23,00:00,52.61,53.48,52.18,53.01,8057
2019.10.24,00:00,53,53.67,52.78,53.05,6658
2019.10.25,00:00,53.12,54.02,52.91,53.32,6678
2019.10.28,00:00,53.15,53.97,52.65,52.65,6316
2019.10.29,00:00,52.86,53.43,51.85,52,7556
2019.10.30,00:00,52.01,52.67,51.5,51.5,7259
2019.10.31,00:00,51.5,51.9,50.6,51.23,10248
2019.11.01,00:00,51.95,53.08,51.45,53.05,11263
2019.11.04,00:00,53.28,54,52.14,52.39,5699
2019.11.05,00:00,52.2,52.45,51.42,52.1,6185
2019.11.06,00:00,52.01,52.33,51.1,51.69,6885
2019.11.07,00:00,51.69,52,51.05,51.82,5035
2019.11.08,00:00,48.29,48.68,44,44.49,48640
2019.11.11,00:00,44.56,45.5,43.6,43.7,20054
2019.11.12,00:00,44.01,44.01,40.67,40.8,29110
2019.11.13,00:00,40.7,41.65,40.14,40.7,19187
2019.11.14,00:00,41.28,41.48,39.92,40.66,20561
2019.11.18,00:00,41.4,41.52,39.02,39.18,19239
2019.11.19,00:00,39.38,40.16,38.55,39,14941
2019.11.21,00:00,39.38,41.49,39.06,41.25,22486
2019.11.22,00:00,41.5,42.62,40.94,41.9,19924
2019.11.25,00:00,42.71,43.95,41.88,42.06,24974
2019.11.26,00:00,41.8,42.1,41.16,41.59,10263
2019.11.27,00:00,41.99,41.99,40.66,40.84,11762
2019.11.28,00:00,40.84,41.3,40.37,40.4,6502
2019.11.29,00:00,40.55,41.06,40.14,40.14,7200
2019.12.02,00:00,40.38,41.43,40.32,40.86,12159
2019.12.03,00:00,41.07,41.26,40.41,40.46,6528
2019.12.04,00:00,40.67,41.33,40.48,41.06,9195
2019.12.05,00:00,41.3,41.58,40.6,40.7,7202
2019.12.06,00:00,40.9,41.45,40.72,41.4,7341
2019.12.09,00:00,41.4,41.77,41.2,41.2,6886
2019.12.10,00:00,41.21,41.74,41.06,41.62,6490
2019.12.11,00:00,41.8,42.09,41.41,41.81,10306
2019.12.12,00:00,42,43.43,41.85,43.43,11671
2019.12.13,00:00,43.51,44.18,42.57,43.63,15742
2019.12.16,00:00,43.62,43.69,42.92,43.38,10532
2019.12.17,00:00,43.6,43.63,42.02,42.66,10025
2019.12.18,00:00,43,43.07,42.18,43.07,7723
2019.12.19,00:00,43.09,44.86,42.98,44.59,12142
2019.12.20,00:00,44.59,44.65,43.56,43.59,13452
2019.12.23,00:00,43.78,43.81,43.06,43.46,8216
2019.12.26,00:00,43.59,43.69,43.26,43.53,9129
2019.12.27,00:00,43.63,44.16,43.19,44.16,8684
2019.12.30,00:00,44.36,44.9,43.62,43.8,10933
2020.01.02,00:00,44.24,44.73,44.11,44.71,12561
2020.01.03,00:00,44.15,44.73,43.8,44.2,8900
2020.01.06,00:00,44.15,44.35,43.13,43.82,12989
2020.01.07,00:00,44,44.59,43.46,44.4,13519
2020.01.08,00:00,44.39,44.52,43.68,44.34,9804
2020.01.09,00:00,44.55,44.73,43.25,43.39,12880
2020.01.10,00:00,43.56,43.7,41.7,42.04,15269
2020.01.13,00:00,42.15,42.91,41.51,41.6,13713
2020.01.14,00:00,41.77,42.54,41.13,42.5,14845
2020.01.15,00:00,42.4,42.4,41.39,41.39,15560
2020.01.16,00:00,41.58,41.73,41.07,41.07,10909
2020.01.17,00:00,41.25,41.82,40.83,41.64,10637
2020.01.20,00:00,41.7,42.06,40.81,41,13041
2020.01.21,00:00,41.01,41.16,39.11,39.33,20351
2020.01.22,00:00,39.35,40.33,38.84,39.74,18417
2020.01.23,00:00,39.5,40.68,38.98,40.41,13976
2020.01.24,00:00,40.6,40.93,39.12,39.54,12043
2020.01.27,00:00,38.75,38.85,37.56,37.82,14474
2020.01.28,00:00,38,38.84,37.89,38.41,12297
2020.01.29,00:00,38.65,38.75,37.01,37.01,10678
2020.01.30,00:00,36.36,36.63,35.04,36.23,20234
2020.01.31,00:00,36.13,36.5,35.06,36.5,15202
2020.02.03,00:00,36.55,37.45,36.55,36.66,12916
2020.02.04,00:00,37.31,38.01,37.2,37.2,12394
2020.02.05,00:00,37.6,38.11,36.83,37,9816
2020.02.06,00:00,37.2,37.55,36.13,36.52,10319
2020.02.07,00:00,36.52,36.53,34.8,35,14294
2020.02.10,00:00,35,35.14,32.81,32.89,21090
2020.02.11,00:00,33.12,34.64,32.4,34.6,17738
2020.02.12,00:00,34.9,34.98,33.51,33.74,16769
2020.02.13,00:00,33,34.19,32.85,33.88,10166
2020.02.14,00:00,33.9,34.14,33.09,33.1,8743
2020.02.17,00:00,33.32,33.53,32.9,33.34,8563
2020.02.18,00:00,33,33.18,32.49,32.51,12590
2020.02.19,00:00,32.63,32.97,32.18,32.6,13244
2020.02.20,00:00,32.65,32.86,32.03,32.07,11455
2020.02.21,00:00,31.7,31.96,30.7,30.88,19145
2020.02.26,00:00,28,29.28,27.38,27.38,24997
2020.02.27,00:00,26.43,27.52,26,26.21,23163
2020.02.28,00:00,25.88,26.5,25,25.73,23636
2020.03.02,00:00,23.55,23.87,21.8,23,51420
2020.03.03,00:00,22.63,24.44,22.45,22.51,39650
2020.03.04,00:00,23.2,23.25,21.32,22.18,30878
2020.03.05,00:00,21.9,21.9,19.58,20,26766
2020.03.06,00:00,20,24.61,19.7,22.88,63577
2020.03.09,00:00,20.4,21.29,19.47,19.5,26441
2020.03.10,00:00,21.72,22.55,20.42,21.76,25998
2020.03.11,00:00,20.6,21.79,18.1,19.24,26617
2020.03.12,00:00,15,15,12.16,13.64,14908
2020.03.13,00:00,15.95,15.99,12.97,15.35,45657
2020.03.16,00:00,12.27,12.54,10.32,10.4,33371
2020.03.17,00:00,10.9,10.9,9.36,9.95,40286
2020.03.18,00:00,9.05,9.1,6.22,6.49,30927
2020.03.19,00:00,6.05,8,5.18,7.45,20082
2020.03.20,00:00,8.55,9.35,7.71,8.21,37748
2020.03.23,00:00,7.95,8.09,7.21,7.61,25842
2020.03.24,00:00,8.74,9.3,8.4,8.75,19735
2020.03.25,00:00,8.83,9.92,8.8,9.35,28449
2020.03.26,00:00,9.35,12.38,9.35,12.38,32276
2020.03.27,00:00,11.69,13.7,11.2,12.84,33542
2020.03.30,00:00,13.21,14.15,12.55,12.95,26880
2020.03.31,00:00,12.5,12.72,11,11.1,24107
2020.04.01,00:00,9.9,10.09,9.24,9.4,21911
2020.04.02,00:00,9.6,10.5,9.33,10.25,21779
2020.04.03,00:00,10.5,10.5,9.01,9.9,15645
2020.04.06,00:00,11,11.07,10.03,10.33,14600
2020.04.07,00:00,11.1,11.9,10.87,11.6,20792
2020.04.08,00:00,11.4,12,11.01,11.75,14917
2020.04.09,00:00,12.05,12.98,12.05,12.95,19411
2020.04.13,00:00,12.61,13.38,12.41,13.1,13940
2020.04.14,00:00,13.45,14.66,13.41,14.28,19953
2020.04.15,00:00,13.7,15.06,13.43,14.5,19710
2020.04.16,00:00,14.75,15.27,14.05,14.6,15512
2020.04.17,00:00,15.1,15.19,14.58,14.67,10301
2020.04.20,00:00,14.3,14.8,14.1,14.56,11369
2020.04.22,00:00,14.45,15.05,14.31,14.85,13293
2020.04.23,00:00,15.05,15.48,13.75,13.92,20456
2020.04.24,00:00,13.6,13.6,11.58,11.99,26591
2020.04.27,00:00,12.33,12.8,11.95,12.36,15581
2020.04.28,00:00,12.7,14.39,12.42,14.15,19028
2020.04.29,00:00,14.5,14.84,13.74,14.19,14386
2020.04.30,00:00,13.87,14.55,13.64,13.8,18239
2020.05.04,00:00,12.97,13.34,12.55,12.91,11507
2020.05.05,00:00,13.24,13.53,12.39,12.39,7800
2020.05.06,00:00,12.35,12.35,11.65,11.66,12437
2020.05.07,00:00,11.81,12.04,10.66,10.9,20537
2020.05.08,00:00,11.2,11.89,10.96,11.89,12794
2020.05.11,00:00,11.6,11.64,10.77,11.16,12062
2020.05.12,00:00,11.22,11.98,10.67,10.75,10969
2020.05.13,00:00,10.91,11.18,10.19,10.72,9809
2020.05.14,00:00,10.42,10.74,9.98,10.61,10173
2020.05.15,00:00,10.51,10.96,10.29,10.55,9318
2020.05.18,00:00,11,12.73,10.91,12.58,22176
2020.05.19,00:00,12.57,13.36,11.83,12.38,18012
2020.05.20,00:00,12.72,14,12.48,13.23,19602
2020.05.21,00:00,13.27,13.95,12.86,12.93,18894
2020.05.22,00:00,12.69,12.69,12.22,12.47,8358
2020.05.25,00:00,13,14.1,13,14.1,16536
2020.05.26,00:00,14.45,14.65,13.32,13.5,19696
2020.05.27,00:00,13.74,15.5,13.74,15.25,23529
2020.05.28,00:00,15.2,15.62,14.57,14.74,16714
2020.05.29,00:00,14.75,14.83,14.15,14.4,11972
2020.06.01,00:00,14.16,15.5,14.11,15.5,15892
2020.06.02,00:00,16.21,18.62,16.18,18.6,35918
2020.06.03,00:00,19.45,21.58,19.45,19.82,47233
2020.06.04,00:00,19.7,20.68,18.72,19.8,23601
2020.06.05,00:00,21,22,20.55,20.91,27374
2020.06.08,00:00,22,23.08,21.7,23.04,25874
2020.06.09,00:00,22.11,24.5,21.25,24.05,31401
2020.06.10,00:00,25,25.3,22.5,22.98,30111
2020.06.12,00:00,21.5,22.37,20.4,20.81,29533
2020.06.15,00:00,19.7,20.74,18.46,20.45,25024
2020.06.16,00:00,21.95,22.47,19.46,19.77,25929
2020.06.17,00:00,20.2,20.31,19.1,19.47,17433
2020.06.18,00:00,19.18,20.28,18.8,19.2,13247
2020.06.19,00:00,20.2,20.5,19.56,19.84,16912
2020.06.22,00:00,20.01,20.39,19.6,19.6,11333
2020.06.23,00:00,20.09,20.18,18.85,19.66,15523
2020.06.24,00:00,19.27,19.79,18.32,18.76,12270
2020.06.25,00:00,18.75,19.45,17.97,18.28,16377
2020.06.26,00:00,18.22,18.6,17.43,17.7,11128
2020.06.29,00:00,18.05,18.28,17.01,18.2,11545
2020.06.30,00:00,18.14,18.79,17.8,18.14,11173
2020.07.01,00:00,18.45,19.5,18.05,19.09,14538
2020.07.02,00:00,20,20,18.96,19.28,8895
2020.07.03,00:00,19.27,19.74,18.78,19.71,6717
2020.07.06,00:00,20.11,21.9,20.02,21.79,20965
2020.07.07,00:00,21.57,21.57,20.28,20.28,23026
2020.07.08,00:00,20.45,20.5,18.67,19.05,30543
2020.07.09,00:00,18.89,19.33,18.35,19.3,13761
2020.07.10,00:00,19.3,22,19.11,22,43488
2020.07.13,00:00,22.26,23.88,22.26,22.52,31608
2020.07.14,00:00,23.12,23.48,22.08,22.7,18630
2020.07.15,00:00,21.09,22.3,20.7,21.7,26011
2020.07.16,00:00,21.45,22.57,20.95,22.2,20283
2020.07.17,00:00,22.33,22.69,21.5,21.8,21868
2020.07.20,00:00,21.8,22.02,21.01,21.62,15055
2020.07.21,00:00,21.9,22.94,21.71,22.65,22832
2020.07.22,00:00,22.57,22.59,21.8,21.9,15217
2020.07.23,00:00,21.99,22.3,20.91,21.1,14566
2020.07.24,00:00,20.94,20.94,19.95,20.64,15802
2020.07.27,00:00,20.65,21.48,20.25,21.01,12826
2020.07.28,00:00,20.84,21.5,20.53,21.49,10739
2020.07.29,00:00,21.4,21.99,20.95,21.44,11312
2020.07.30,00:00,21.3,21.79,20.82,21.5,9328
2020.07.31,00:00,21.38,21.9,20.47,20.8,10698
2020.08.03,00:00,20.8,20.85,19.73,20,13823
2020.08.04,00:00,19.77,19.95,18.92,18.92,16286
2020.08.05,00:00,19.14,19.96,19.02,19.85,12569
2020.08.06,00:00,19.9,20.09,19.36,19.59,9868
2020.08.07,00:00,19.46,20.08,18.92,19.01,10825
2020.08.10,00:00,19.06,19.3,18.7,19.1,13401
2020.08.11,00:00,19.34,20.74,19.25,20.35,16641
2020.08.12,00:00,20.46,20.85,19.32,19.72,15702
2020.08.13,00:00,19.7,19.92,18.92,18.93,9777
2020.08.14,00:00,18.98,19.66,18.5,19.44,9548
2020.08.17,00:00,19.49,19.65,18.69,18.87,9480
2020.08.18,00:00,19.3,19.49,18.89,19.34,10793
2020.08.19,00:00,19.34,19.6,18.83,18.94,8331
2020.08.20,00:00,18.6,19.37,18.22,19.17,6952
2020.08.21,00:00,19.18,20.1,19.01,19.97,9218
2020.08.24,00:00,20.09,20.48,19.9,20.09,8458
2020.08.25,00:00,20.15,20.24,19.65,19.65,6827
2020.08.26,00:00,19.72,19.88,18.62,18.87,10292
2020.08.27,00:00,18.9,19.3,18.7,19.09,6237
2020.08.28,00:00,19.14,19.54,18.84,19.16,9987
2020.08.31,00:00,19.06,19.06,18.2,18.3,12581
2020.09.01,00:00,18.44,19.07,18.4,18.7,10901
2020.09.02,00:00,18.77,18.94,18.37,18.5,11069
2020.09.03,00:00,18.7,18.99,17.94,18.1,17540
