2012.01.02,00:00,1.1,1.1,1.07,1.07,942
2012.01.03,00:00,1.09,1.09,1.07,1.07,2482
2012.01.04,00:00,1.07,1.07,1.05,1.06,1886
2012.01.05,00:00,1.06,1.06,1.05,1.05,771
2012.01.06,00:00,1.05,1.08,1.03,1.08,1485
2012.01.09,00:00,1.08,1.08,1.05,1.07,1037
2012.01.10,00:00,1.07,1.08,1.05,1.05,1077
2012.01.11,00:00,1.06,1.07,1.05,1.07,1610
2012.01.12,00:00,1.07,1.08,1.07,1.08,2260
2012.01.13,00:00,1.08,1.09,1.06,1.09,2800
2012.01.16,00:00,1.09,1.1,1.08,1.1,1396
2012.01.17,00:00,1.11,1.11,1.1,1.11,1492
2012.01.18,00:00,1.11,1.12,1.1,1.11,1028
2012.01.19,00:00,1.11,1.12,1.1,1.12,1007
2012.01.20,00:00,1.11,1.13,1.11,1.12,2045
2012.01.23,00:00,1.13,1.13,1.12,1.13,1265
2012.01.24,00:00,1.13,1.13,1.11,1.11,921
2012.01.26,00:00,1.12,1.17,1.12,1.17,2447
2012.01.27,00:00,1.17,1.21,1.17,1.19,2111
2012.01.30,00:00,1.18,1.18,1.14,1.16,2493
2012.01.31,00:00,1.16,1.17,1.15,1.16,1826
2012.02.01,00:00,1.17,1.2,1.17,1.19,1469
2012.02.02,00:00,1.2,1.22,1.2,1.21,1705
2012.02.03,00:00,1.22,1.26,1.12,1.18,3944
2012.02.06,00:00,1.18,1.18,1.12,1.13,2751
2012.02.07,00:00,1.13,1.15,1.12,1.15,1567
2012.02.08,00:00,1.15,1.16,1.14,1.14,1462
2012.02.09,00:00,1.14,1.15,1.12,1.14,1188
2012.02.10,00:00,1.13,1.17,1.1,1.15,1768
2012.02.13,00:00,1.17,1.17,1.15,1.15,2035
2012.02.14,00:00,1.15,1.16,1.14,1.14,1539
2012.02.15,00:00,1.14,1.19,1.14,1.18,2831
2012.02.16,00:00,1.18,1.18,1.16,1.16,1320
2012.02.17,00:00,1.18,1.18,1.16,1.18,1700
2012.02.22,00:00,1.18,1.21,1.18,1.21,1395
2012.02.23,00:00,1.22,1.29,1.21,1.29,3603
2012.02.24,00:00,1.29,1.39,1.29,1.35,4366
2012.02.27,00:00,1.34,1.37,1.29,1.36,1943
2012.02.28,00:00,1.36,1.36,1.33,1.36,1534
2012.02.29,00:00,1.35,1.37,1.34,1.37,1107
2012.03.01,00:00,1.36,1.38,1.35,1.36,680
2012.03.02,00:00,1.37,1.4,1.36,1.38,946
2012.03.05,00:00,1.37,1.39,1.33,1.36,1550
2012.03.06,00:00,1.34,1.35,1.28,1.35,981
2012.03.07,00:00,1.33,1.39,1.33,1.38,1431
2012.03.08,00:00,1.42,1.48,1.42,1.46,3229
2012.03.09,00:00,1.46,1.49,1.42,1.42,1718
2012.03.12,00:00,1.42,1.43,1.39,1.39,1683
2012.03.13,00:00,1.41,1.43,1.39,1.39,826
2012.03.14,00:00,1.4,1.41,1.34,1.37,1259
2012.03.15,00:00,1.36,1.39,1.34,1.35,836
2012.03.16,00:00,1.35,1.38,1.33,1.33,1095
2012.03.19,00:00,1.33,1.36,1.33,1.33,764
2012.03.20,00:00,1.32,1.35,1.3,1.34,918
2012.03.21,00:00,1.34,1.35,1.33,1.34,1729
2012.03.22,00:00,1.33,1.34,1.31,1.33,721
2012.03.23,00:00,1.32,1.39,1.29,1.38,2299
2012.03.26,00:00,1.39,1.42,1.38,1.41,1320
2012.03.27,00:00,1.42,1.45,1.37,1.37,1515
2012.03.28,00:00,1.38,1.39,1.33,1.35,1641
2012.03.29,00:00,1.35,1.35,1.3,1.34,1742
2012.03.30,00:00,1.35,1.4,1.33,1.38,1843
2012.04.02,00:00,1.4,1.46,1.37,1.43,1208
2012.04.03,00:00,1.42,1.44,1.39,1.43,2139
2012.04.04,00:00,1.41,1.45,1.41,1.43,633
2012.04.05,00:00,1.42,1.44,1.39,1.39,988
2012.04.09,00:00,1.39,1.39,1.34,1.35,960
2012.04.10,00:00,1.37,1.37,1.31,1.36,561
2012.04.11,00:00,1.39,1.39,1.33,1.34,316
2012.04.12,00:00,1.35,1.41,1.35,1.4,748
2012.04.13,00:00,1.4,1.44,1.38,1.42,492
2012.04.16,00:00,1.44,1.44,1.42,1.44,1555
2012.04.17,00:00,1.45,1.47,1.43,1.46,951
2012.04.18,00:00,1.45,1.45,1.39,1.45,1512
2012.04.19,00:00,1.45,1.48,1.41,1.42,1307
2012.04.20,00:00,1.42,1.44,1.37,1.38,1287
2012.04.23,00:00,1.37,1.37,1.31,1.33,1503
2012.04.24,00:00,1.33,1.34,1.31,1.31,1227
2012.04.25,00:00,1.32,1.35,1.27,1.32,839
2012.04.26,00:00,1.32,1.32,1.26,1.27,1273
2012.04.27,00:00,1.27,1.31,1.26,1.31,1779
2012.04.30,00:00,1.31,1.33,1.29,1.31,774
2012.05.02,00:00,1.31,1.36,1.31,1.34,784
2012.05.03,00:00,1.35,1.41,1.35,1.4,1406
2012.05.04,00:00,1.4,1.45,1.38,1.41,2368
2012.05.07,00:00,1.38,1.45,1.38,1.45,1219
2012.05.08,00:00,1.41,1.43,1.39,1.42,676
2012.05.09,00:00,1.41,1.44,1.39,1.44,1753
2012.05.10,00:00,1.45,1.45,1.42,1.43,553
2012.05.11,00:00,1.44,1.44,1.37,1.39,1497
2012.05.14,00:00,1.38,1.38,1.31,1.32,1123
2012.05.15,00:00,1.3,1.3,1.16,1.19,2276
2012.05.16,00:00,1.21,1.21,1.15,1.15,1118
2012.05.17,00:00,1.15,1.18,1.12,1.12,1013
2012.05.18,00:00,1.13,1.14,1.03,1.04,1569
2012.05.21,00:00,1.06,1.08,1.04,1.06,2679
2012.05.22,00:00,1.06,1.09,1.05,1.05,1624
2012.05.23,00:00,1.04,1.06,1,1.06,1180
2012.05.24,00:00,1.07,1.07,0.99,1.01,1302
2012.05.25,00:00,1,1.07,1,1.06,2711
2012.05.28,00:00,1.06,1.12,1.06,1.12,2144
2012.05.29,00:00,1.11,1.14,1.09,1.12,701
2012.05.30,00:00,1.09,1.11,1.07,1.09,1027
2012.05.31,00:00,1.08,1.11,1.05,1.08,2073
2012.06.01,00:00,1.06,1.07,1.03,1.04,758
2012.06.04,00:00,1.05,1.07,1.04,1.04,680
2012.06.05,00:00,1.05,1.06,1.02,1.03,687
2012.06.06,00:00,1.04,1.07,1.04,1.05,584
2012.06.08,00:00,1.06,1.07,1.04,1.06,652
2012.06.11,00:00,1.07,1.09,1.06,1.09,1328
2012.06.12,00:00,1.1,1.14,1.1,1.14,610
2012.06.13,00:00,1.14,1.18,1.12,1.14,676
2012.06.14,00:00,1.13,1.16,1.13,1.15,616
2012.06.15,00:00,1.16,1.16,1.13,1.16,741
2012.06.18,00:00,1.15,1.17,1.15,1.17,766
2012.06.19,00:00,1.17,1.18,1.15,1.18,647
2012.06.20,00:00,1.18,1.19,1.14,1.16,835
2012.06.21,00:00,1.14,1.15,1.11,1.11,430
2012.06.22,00:00,1.14,1.17,1.11,1.11,788
2012.06.25,00:00,1.11,1.13,1.08,1.11,593
2012.06.26,00:00,1.12,1.13,1.06,1.06,1356
2012.06.27,00:00,1.08,1.1,1.03,1.03,614
2012.06.28,00:00,1.04,1.05,1.01,1.03,711
2012.06.29,00:00,1.06,1.09,1.05,1.09,687
2012.07.02,00:00,1.09,1.1,1.07,1.08,713
2012.07.03,00:00,1.07,1.12,1.06,1.12,1197
2012.07.04,00:00,1.11,1.13,1.1,1.12,420
2012.07.05,00:00,1.12,1.13,1.09,1.11,524
2012.07.06,00:00,1.09,1.12,1.08,1.11,906
2012.07.10,00:00,1.11,1.12,1.08,1.09,453
2012.07.11,00:00,1.08,1.09,1.03,1.05,689
2012.07.12,00:00,1.03,1.07,1.03,1.07,717
2012.07.13,00:00,1.07,1.09,1.06,1.09,653
2012.07.16,00:00,1.07,1.1,1.07,1.07,657
2012.07.17,00:00,1.06,1.07,1.04,1.06,1086
2012.07.18,00:00,1.06,1.09,1.06,1.08,610
2012.07.19,00:00,1.08,1.13,1.08,1.13,1001
2012.07.20,00:00,1.12,1.13,1.11,1.13,773
2012.07.23,00:00,1.1,1.12,1.07,1.12,1137
2012.07.24,00:00,1.1,1.11,1.06,1.07,912
2012.07.25,00:00,1.07,1.08,1.04,1.06,843
2012.07.26,00:00,1.08,1.12,1.06,1.12,1281
2012.07.27,00:00,1.1,1.17,1.1,1.15,996
2012.07.30,00:00,1.16,1.19,1.14,1.17,830
2012.07.31,00:00,1.16,1.2,1.16,1.19,810
2012.08.01,00:00,1.18,1.23,1.16,1.22,1276
2012.08.02,00:00,1.22,1.22,1.2,1.21,673
2012.08.03,00:00,1.19,1.24,1.19,1.23,750
2012.08.06,00:00,1.22,1.3,1.22,1.29,1428
2012.08.07,00:00,1.28,1.33,1.25,1.25,1936
2012.08.08,00:00,1.25,1.27,1.22,1.23,838
2012.08.09,00:00,1.23,1.25,1.2,1.25,962
2012.08.10,00:00,1.26,1.26,1.22,1.24,888
2012.08.13,00:00,1.24,1.24,1.2,1.22,727
2012.08.14,00:00,1.25,1.3,1.23,1.29,1888
2012.08.15,00:00,1.28,1.28,1.26,1.27,747
2012.08.16,00:00,1.27,1.29,1.24,1.27,2006
2012.08.17,00:00,1.27,1.28,1.26,1.28,771
2012.08.20,00:00,1.27,1.29,1.25,1.27,842
2012.08.21,00:00,1.27,1.28,1.25,1.25,829
2012.08.22,00:00,1.25,1.28,1.24,1.25,1530
2012.08.23,00:00,1.25,1.27,1.23,1.25,832
2012.08.24,00:00,1.25,1.3,1.25,1.28,495
2012.08.27,00:00,1.28,1.35,1.28,1.34,1450
2012.08.28,00:00,1.36,1.36,1.34,1.35,744
2012.08.29,00:00,1.35,1.36,1.26,1.29,1784
2012.08.30,00:00,1.29,1.29,1.25,1.27,731
2012.08.31,00:00,1.27,1.31,1.26,1.31,768
2012.09.03,00:00,1.31,1.31,1.3,1.31,549
2012.09.04,00:00,1.3,1.34,1.3,1.33,660
2012.09.05,00:00,1.33,1.37,1.3,1.34,1041
2012.09.06,00:00,1.34,1.43,1.34,1.42,2695
2012.09.10,00:00,1.42,1.45,1.4,1.45,904
2012.09.11,00:00,1.45,1.49,1.44,1.46,912
2012.09.12,00:00,1.48,1.5,1.44,1.49,1420
2012.09.13,00:00,1.49,1.53,1.47,1.53,1253
2012.09.14,00:00,1.52,1.53,1.47,1.49,1174
2012.09.17,00:00,1.47,1.53,1.45,1.52,945
2012.09.18,00:00,1.5,1.5,1.49,1.49,896
2012.09.19,00:00,1.5,1.5,1.47,1.5,857
2012.09.20,00:00,1.48,1.53,1.47,1.51,1371
2012.09.21,00:00,1.51,1.53,1.49,1.51,1399
2012.09.24,00:00,1.5,1.52,1.48,1.5,760
2012.09.25,00:00,1.51,1.53,1.49,1.52,969
2012.09.26,00:00,1.52,1.52,1.4,1.48,2422
2012.09.27,00:00,1.48,1.48,1.41,1.46,1236
2012.09.28,00:00,1.45,1.48,1.39,1.42,2368
2012.10.01,00:00,1.42,1.44,1.39,1.41,1357
2012.10.02,00:00,1.41,1.42,1.35,1.39,1714
2012.10.03,00:00,1.39,1.39,1.36,1.37,1167
2012.10.04,00:00,1.37,1.46,1.37,1.45,2014
2012.10.05,00:00,1.45,1.5,1.44,1.49,1640
2012.10.08,00:00,1.49,1.49,1.44,1.44,1305
2012.10.09,00:00,1.44,1.47,1.42,1.42,1355
2012.10.10,00:00,1.43,1.5,1.42,1.5,1497
2012.10.11,00:00,1.5,1.5,1.46,1.49,1304
2012.10.15,00:00,1.5,1.52,1.49,1.5,1305
2012.10.16,00:00,1.5,1.51,1.47,1.49,944
2012.10.17,00:00,1.48,1.48,1.45,1.46,1126
2012.10.18,00:00,1.45,1.46,1.44,1.45,691
2012.10.19,00:00,1.44,1.45,1.39,1.41,1305
2012.10.22,00:00,1.41,1.46,1.39,1.44,1731
2012.10.23,00:00,1.42,1.42,1.39,1.41,1069
2012.10.24,00:00,1.41,1.42,1.39,1.4,1262
2012.10.25,00:00,1.4,1.4,1.34,1.37,1352
2012.10.26,00:00,1.38,1.38,1.32,1.33,1309
2012.10.29,00:00,1.35,1.35,1.32,1.32,1095
2012.10.30,00:00,1.33,1.34,1.29,1.31,1525
2012.10.31,00:00,1.29,1.33,1.27,1.31,1783
2012.11.01,00:00,1.31,1.34,1.29,1.33,1496
2012.11.05,00:00,1.35,1.37,1.33,1.35,1305
2012.11.06,00:00,1.37,1.37,1.33,1.36,1124
2012.11.07,00:00,1.36,1.36,1.32,1.32,1646
2012.11.08,00:00,1.32,1.34,1.3,1.32,1081
2012.11.09,00:00,1.31,1.31,1.29,1.3,1112
2012.11.12,00:00,1.29,1.3,1.25,1.26,1831
2012.11.13,00:00,1.23,1.26,1.19,1.24,1937
2012.11.14,00:00,1.24,1.26,1.23,1.24,2108
2012.11.16,00:00,1.25,1.25,1.22,1.22,1310
2012.11.19,00:00,1.23,1.24,1.21,1.22,1131
2012.11.21,00:00,1.22,1.26,1.2,1.22,1499
2012.11.22,00:00,1.22,1.24,1.21,1.21,1179
2012.11.23,00:00,1.22,1.26,1.2,1.24,1400
2012.11.26,00:00,1.24,1.26,1.22,1.25,869
2012.11.27,00:00,1.25,1.26,1.23,1.23,997
2012.11.28,00:00,1.23,1.23,1.21,1.22,1339
2012.11.29,00:00,1.22,1.3,1.22,1.28,1578
2012.11.30,00:00,1.3,1.31,1.27,1.3,1617
2012.12.03,00:00,1.32,1.34,1.3,1.33,2606
2012.12.04,00:00,1.33,1.35,1.3,1.32,1210
2012.12.05,00:00,1.34,1.34,1.26,1.27,1246
2012.12.06,00:00,1.3,1.31,1.27,1.29,1366
2012.12.07,00:00,1.28,1.33,1.27,1.32,1494
2012.12.10,00:00,1.32,1.34,1.3,1.33,1008
2012.12.11,00:00,1.31,1.34,1.28,1.31,1632
2012.12.12,00:00,1.3,1.31,1.28,1.31,1283
2012.12.13,00:00,1.31,1.33,1.3,1.31,1720
2012.12.14,00:00,1.3,1.39,1.3,1.38,2249
2012.12.17,00:00,1.39,1.42,1.36,1.4,1285
2012.12.18,00:00,1.4,1.43,1.4,1.4,1373
2012.12.19,00:00,1.41,1.41,1.39,1.39,1000
2012.12.20,00:00,1.38,1.45,1.38,1.43,2956
2012.12.21,00:00,1.38,1.42,1.38,1.39,1280
2012.12.26,00:00,1.38,1.44,1.38,1.44,1076
2012.12.27,00:00,1.42,1.44,1.4,1.41,1617
2012.12.28,00:00,1.39,1.42,1.39,1.41,1985
2013.01.02,00:00,1.42,1.49,1.42,1.49,2339
2013.01.03,00:00,1.48,1.58,1.48,1.55,2405
2013.01.04,00:00,1.56,1.56,1.52,1.53,2247
2013.01.07,00:00,1.52,1.53,1.48,1.5,2554
2013.01.08,00:00,1.5,1.52,1.47,1.49,1190
2013.01.09,00:00,1.49,1.52,1.47,1.47,1208
2013.01.10,00:00,1.47,1.5,1.47,1.49,1442
2013.01.11,00:00,1.5,1.5,1.45,1.46,1844
2013.01.14,00:00,1.49,1.52,1.46,1.5,1587
2013.01.15,00:00,1.52,1.52,1.48,1.5,1255
2013.01.16,00:00,1.5,1.5,1.45,1.47,1403
2013.01.17,00:00,1.46,1.49,1.44,1.44,2544
2013.01.18,00:00,1.43,1.44,1.39,1.41,3253
2013.01.21,00:00,1.41,1.42,1.37,1.41,1617
2013.01.22,00:00,1.4,1.41,1.37,1.37,2398
2013.01.23,00:00,1.37,1.4,1.35,1.36,2764
2013.01.24,00:00,1.36,1.39,1.31,1.33,4346
2013.01.28,00:00,1.34,1.37,1.33,1.36,1530
2013.01.29,00:00,1.38,1.41,1.36,1.39,2476
2013.01.30,00:00,1.39,1.4,1.37,1.37,3577
2013.01.31,00:00,1.37,1.39,1.32,1.39,3536
2013.02.01,00:00,1.39,1.49,1.39,1.45,3405
2013.02.04,00:00,1.43,1.49,1.43,1.46,2892
2013.02.05,00:00,1.45,1.47,1.36,1.37,3486
2013.02.06,00:00,1.37,1.38,1.32,1.33,1995
2013.02.07,00:00,1.33,1.37,1.32,1.32,3793
2013.02.08,00:00,1.34,1.35,1.29,1.31,1494
2013.02.13,00:00,1.31,1.33,1.28,1.29,1341
2013.02.14,00:00,1.28,1.31,1.28,1.3,1284
2013.02.15,00:00,1.29,1.31,1.26,1.26,1323
2013.02.18,00:00,1.26,1.29,1.23,1.23,1484
2013.02.19,00:00,1.23,1.29,1.23,1.27,1400
2013.02.20,00:00,1.29,1.29,1.2,1.23,2955
2013.02.21,00:00,1.25,1.26,1.22,1.24,1692
2013.02.22,00:00,1.25,1.27,1.23,1.25,1751
2013.02.25,00:00,1.25,1.27,1.23,1.23,1441
2013.02.26,00:00,1.22,1.23,1.22,1.22,1192
2013.02.27,00:00,1.22,1.23,1.18,1.19,1908
2013.02.28,00:00,1.2,1.2,1.15,1.17,3636
2013.03.01,00:00,1.16,1.16,1.14,1.15,2000
2013.03.04,00:00,1.15,1.16,1.09,1.1,5137
2013.03.05,00:00,1.12,1.16,1.1,1.12,3070
2013.03.06,00:00,1.14,1.14,1.11,1.13,1857
2013.03.07,00:00,1.13,1.14,1.08,1.1,4599
2013.03.08,00:00,1.1,1.11,1.09,1.09,1997
2013.03.11,00:00,1.1,1.13,1.09,1.12,1753
2013.03.12,00:00,1.12,1.15,1.12,1.14,1829
2013.03.13,00:00,1.14,1.14,1.09,1.09,2019
2013.03.14,00:00,1.09,1.12,1.09,1.11,1815
2013.03.15,00:00,1.11,1.11,1.06,1.09,1153
2013.03.18,00:00,1.09,1.1,1.06,1.07,1229
2013.03.19,00:00,1.09,1.09,1.05,1.06,999
2013.03.20,00:00,1.07,1.07,1.05,1.06,1143
2013.03.21,00:00,1.06,1.07,1.04,1.07,3190
2013.03.22,00:00,1.07,1.08,1.05,1.06,1988
2013.03.25,00:00,1.06,1.07,1.05,1.07,1253
2013.03.26,00:00,1.07,1.07,1.03,1.03,2101
2013.03.27,00:00,1.04,1.05,1.02,1.03,2312
2013.03.28,00:00,1.03,1.06,1.02,1.06,1230
2013.04.01,00:00,1.06,1.06,1.04,1.05,821
2013.04.02,00:00,1.05,1.09,1.04,1.08,2224
2013.04.03,00:00,1.08,1.1,1.07,1.08,2284
2013.04.04,00:00,1.08,1.08,1.07,1.08,1191
2013.04.05,00:00,1.09,1.09,1.02,1.06,2416
2013.04.08,00:00,1.06,1.07,1.04,1.05,1253
2013.04.09,00:00,1.06,1.06,1.04,1.06,1534
2013.04.10,00:00,1.06,1.07,1.04,1.04,2552
2013.04.11,00:00,1.05,1.05,1,1,2167
2013.04.12,00:00,1,1.03,0.98,1.02,2313
2013.04.15,00:00,1.03,1.04,0.98,0.98,2027
2013.04.16,00:00,0.99,1.02,0.99,1,1196
2013.04.17,00:00,1,1,0.93,0.94,3303
2013.04.18,00:00,0.95,0.97,0.94,0.95,2506
2013.04.19,00:00,0.95,0.96,0.94,0.94,1448
2013.04.22,00:00,0.96,0.96,0.92,0.92,1694
2013.04.23,00:00,0.93,0.94,0.91,0.91,2134
2013.04.24,00:00,0.93,0.93,0.91,0.91,1235
2013.04.25,00:00,0.91,0.93,0.91,0.93,1186
2013.04.26,00:00,0.95,0.95,0.87,0.87,2329
2013.04.29,00:00,0.89,0.89,0.82,0.83,3986
2013.04.30,00:00,0.84,0.85,0.81,0.83,4378
2013.05.02,00:00,0.83,0.86,0.82,0.85,3923
2013.05.03,00:00,0.85,0.92,0.85,0.91,2917
2013.05.06,00:00,0.91,0.94,0.91,0.92,1570
2013.05.07,00:00,0.94,0.97,0.91,0.96,2498
2013.05.08,00:00,0.97,0.97,0.93,0.94,1316
2013.05.09,00:00,0.94,0.95,0.93,0.94,2590
2013.05.10,00:00,0.94,0.95,0.92,0.93,2259
2013.05.13,00:00,0.93,0.94,0.89,0.89,1633
2013.05.14,00:00,0.9,0.95,0.89,0.93,2588
2013.05.15,00:00,0.93,0.97,0.93,0.95,1552
2013.05.16,00:00,0.95,0.96,0.9,0.9,1827
2013.05.17,00:00,0.9,0.96,0.9,0.96,2214
2013.05.20,00:00,0.96,1.03,0.96,1.03,3219
2013.05.21,00:00,1.03,1.08,1.02,1.06,4896
2013.05.22,00:00,1.07,1.09,1.01,1.02,3596
2013.05.23,00:00,1,1.02,0.97,1,4021
2013.05.24,00:00,1,1.02,1,1.01,3270
2013.05.27,00:00,1.02,1.04,1.01,1.02,1594
2013.05.28,00:00,1.03,1.06,1.02,1.03,1954
2013.05.29,00:00,1.03,1.05,0.99,1.01,3033
2013.05.31,00:00,1,1.01,0.94,0.94,3412
2013.06.03,00:00,0.95,0.97,0.93,0.95,1701
2013.06.04,00:00,0.95,0.95,0.93,0.93,1561
2013.06.05,00:00,0.94,0.97,0.93,0.96,2481
2013.06.06,00:00,0.95,1,0.95,0.98,2457
2013.06.07,00:00,0.99,0.99,0.92,0.94,3152
2013.06.10,00:00,0.94,0.95,0.91,0.94,1857
2013.06.11,00:00,0.94,0.95,0.91,0.92,3515
2013.06.12,00:00,0.94,0.95,0.91,0.91,1350
2013.06.13,00:00,0.91,0.93,0.88,0.9,1876
2013.06.14,00:00,0.89,0.91,0.86,0.86,1840
2013.06.17,00:00,0.87,0.87,0.84,0.84,2286
2013.06.18,00:00,0.83,0.85,0.82,0.82,3121
2013.06.19,00:00,0.83,0.86,0.8,0.81,3327
2013.06.20,00:00,0.81,0.81,0.75,0.78,2539
2013.06.21,00:00,0.78,0.79,0.71,0.72,5953
2013.06.24,00:00,0.71,0.72,0.67,0.69,3632
2013.06.25,00:00,0.71,0.72,0.66,0.66,3774
2013.06.26,00:00,0.67,0.69,0.65,0.65,3104
2013.06.27,00:00,0.65,0.67,0.65,0.65,2896
2013.06.28,00:00,0.67,0.69,0.62,0.62,4427
2013.07.01,00:00,0.63,0.63,0.6,0.6,2429
2013.07.02,00:00,0.6,0.6,0.56,0.56,2920
2013.07.03,00:00,0.56,0.59,0.54,0.58,3555
2013.07.04,00:00,0.59,0.63,0.58,0.6,2503
2013.07.05,00:00,0.59,0.61,0.56,0.58,1852
2013.07.08,00:00,0.58,0.59,0.54,0.56,2791
2013.07.10,00:00,0.57,0.59,0.54,0.54,2500
2013.07.11,00:00,0.55,0.59,0.55,0.58,4435
2013.07.12,00:00,0.58,0.63,0.58,0.61,3263
2013.07.15,00:00,0.6,0.67,0.6,0.64,2983
2013.07.16,00:00,0.65,0.67,0.65,0.67,2733
2013.07.17,00:00,0.66,0.71,0.66,0.71,5139
2013.07.18,00:00,0.71,0.71,0.67,0.67,3740
2013.07.19,00:00,0.67,0.7,0.66,0.67,2770
2013.07.22,00:00,0.67,0.69,0.67,0.69,1681
2013.07.23,00:00,0.7,0.72,0.67,0.68,2774
2013.07.24,00:00,0.68,0.69,0.65,0.65,2183
2013.07.25,00:00,0.65,0.66,0.64,0.65,1534
2013.07.26,00:00,0.66,0.66,0.64,0.65,372
2013.07.29,00:00,0.66,0.67,0.64,0.65,1712
2013.07.30,00:00,0.65,0.65,0.62,0.62,1921
2013.07.31,00:00,0.62,0.62,0.59,0.59,2259
2013.08.01,00:00,0.59,0.61,0.57,0.59,2870
2013.08.02,00:00,0.59,0.62,0.58,0.59,2430
2013.08.05,00:00,0.59,0.6,0.59,0.59,1958
2013.08.06,00:00,0.59,0.6,0.57,0.57,1334
2013.08.07,00:00,0.61,0.8,0.61,0.74,11425
2013.08.08,00:00,0.75,0.77,0.68,0.72,4681
2013.08.09,00:00,0.74,0.76,0.7,0.7,3084
2013.08.12,00:00,0.72,0.72,0.67,0.67,3860
2013.08.13,00:00,0.67,0.69,0.65,0.65,4572
2013.08.14,00:00,0.66,0.72,0.65,0.71,4000
2013.08.15,00:00,0.71,0.73,0.68,0.68,2147
2013.08.16,00:00,0.69,0.7,0.66,0.66,2541
2013.08.19,00:00,0.67,0.69,0.66,0.67,1817
2013.08.20,00:00,0.68,0.68,0.64,0.65,2421
2013.08.21,00:00,0.65,0.66,0.63,0.64,3272
2013.08.22,00:00,0.64,0.66,0.64,0.65,2047
2013.08.23,00:00,0.65,0.69,0.63,0.69,2162
2013.08.26,00:00,0.68,0.71,0.68,0.68,2158
2013.08.27,00:00,0.68,0.68,0.64,0.64,3844
2013.08.28,00:00,0.64,0.66,0.64,0.65,1753
2013.08.29,00:00,0.65,0.66,0.64,0.65,1297
2013.08.30,00:00,0.66,0.67,0.64,0.66,1534
2013.09.02,00:00,0.67,0.69,0.67,0.68,1087
2013.09.03,00:00,0.68,0.7,0.68,0.69,2491
2013.09.04,00:00,0.69,0.7,0.67,0.68,2600
2013.09.05,00:00,0.69,0.7,0.68,0.69,2532
2013.09.06,00:00,0.7,0.73,0.69,0.72,2001
2013.09.09,00:00,0.73,0.78,0.73,0.75,4676
2013.09.10,00:00,0.75,0.78,0.75,0.77,2657
2013.09.11,00:00,0.77,0.78,0.74,0.76,1630
2013.09.12,00:00,0.76,0.79,0.76,0.78,2261
2013.09.13,00:00,0.78,0.82,0.76,0.81,2275
2013.09.16,00:00,0.81,0.84,0.81,0.83,2089
2013.09.17,00:00,0.84,0.88,0.84,0.88,3125
2013.09.18,00:00,0.89,0.91,0.85,0.88,3572
2013.09.19,00:00,0.89,0.89,0.85,0.85,2089
2013.09.20,00:00,0.85,0.89,0.84,0.85,2137
2013.09.23,00:00,0.87,0.88,0.85,0.88,1607
2013.09.24,00:00,0.88,0.89,0.87,0.88,1513
2013.09.25,00:00,0.89,0.89,0.87,0.88,2401
2013.09.26,00:00,0.88,0.88,0.87,0.87,1658
2013.09.27,00:00,0.88,0.88,0.87,0.87,1715
2013.09.30,00:00,0.87,0.88,0.86,0.87,1316
2013.10.01,00:00,0.87,0.89,0.87,0.89,1282
2013.10.02,00:00,0.88,0.89,0.87,0.87,1184
2013.10.03,00:00,0.87,0.88,0.87,0.87,1413
2013.10.04,00:00,0.88,0.89,0.84,0.87,3511
2013.10.07,00:00,0.87,0.89,0.87,0.89,1170
2013.10.08,00:00,0.89,0.92,0.89,0.92,2715
2013.10.09,00:00,0.93,0.95,0.93,0.95,2273
2013.10.10,00:00,0.97,1.01,0.96,1,2984
2013.10.11,00:00,1.01,1.01,0.96,0.98,2002
2013.10.14,00:00,0.97,1.04,0.95,1.03,5168
2013.10.15,00:00,1.04,1.08,1.03,1.08,4148
2013.10.16,00:00,1.08,1.1,1.06,1.09,3274
2013.10.17,00:00,1.09,1.13,1.08,1.12,2667
2013.10.18,00:00,1.12,1.14,1.08,1.09,3718
2013.10.21,00:00,1.09,1.11,1.07,1.09,3143
2013.10.22,00:00,1.09,1.11,1.08,1.09,2452
2013.10.23,00:00,1.09,1.09,1.05,1.05,1953
2013.10.24,00:00,1.04,1.07,1.02,1.02,2370
2013.10.25,00:00,1.02,1.06,1.02,1.04,2231
2013.10.28,00:00,1.04,1.09,1.04,1.09,1929
2013.10.29,00:00,1.09,1.1,1.08,1.08,1587
2013.10.30,00:00,1.09,1.1,1.03,1.04,2556
2013.10.31,00:00,1.06,1.11,1.06,1.1,3464
2013.11.01,00:00,1.11,1.13,1.06,1.09,3412
2013.11.04,00:00,1.11,1.13,1.08,1.12,2540
2013.11.05,00:00,1.12,1.13,1.08,1.08,1598
2013.11.06,00:00,1.09,1.1,1.05,1.09,1943
2013.11.07,00:00,1.1,1.15,1.08,1.14,3270
2013.11.08,00:00,1.13,1.18,1.13,1.16,4147
2013.11.11,00:00,1.16,1.19,1.09,1.09,2117
2013.11.12,00:00,1.09,1.1,1.02,1.02,2673
2013.11.13,00:00,1.02,1.02,0.98,0.98,4537
2013.11.14,00:00,0.99,1.05,0.99,1.03,2859
2013.11.18,00:00,1.04,1.08,1.04,1.06,1799
2013.11.19,00:00,1.05,1.06,1.01,1.02,3942
2013.11.21,00:00,1.01,1.08,0.99,1.04,4943
2013.11.22,00:00,1.04,1.06,1.03,1.03,2703
2013.11.25,00:00,1.04,1.05,1.01,1.01,2401
2013.11.26,00:00,1.01,1.03,0.97,0.99,3111
2013.11.27,00:00,0.99,1.01,0.94,0.96,3259
2013.11.28,00:00,0.97,1.01,0.97,1,2157
2013.11.29,00:00,1,1.01,0.96,0.97,2649
2013.12.02,00:00,0.97,0.98,0.94,0.94,2957
2013.12.03,00:00,0.94,0.96,0.9,0.91,5313
2013.12.04,00:00,0.93,0.94,0.88,0.88,3608
2013.12.05,00:00,0.9,0.92,0.88,0.92,2698
2013.12.06,00:00,0.92,0.97,0.92,0.96,2228
2013.12.09,00:00,0.96,0.97,0.92,0.92,4117
2013.12.10,00:00,0.92,0.94,0.9,0.91,3280
2013.12.11,00:00,0.91,0.92,0.91,0.91,3006
2013.12.12,00:00,0.9,0.93,0.89,0.89,3316
2013.12.13,00:00,0.9,0.91,0.86,0.87,3494
2013.12.16,00:00,0.87,0.88,0.84,0.86,3943
2013.12.17,00:00,0.85,0.88,0.85,0.87,3172
2013.12.18,00:00,0.87,0.88,0.85,0.86,2702
2013.12.19,00:00,0.86,0.87,0.85,0.87,3045
2013.12.20,00:00,0.86,0.87,0.84,0.85,3602
2013.12.23,00:00,0.85,0.86,0.85,0.85,683
2013.12.26,00:00,0.85,0.86,0.83,0.83,1475
2013.12.27,00:00,0.84,0.86,0.82,0.86,1109
2013.12.30,00:00,0.87,0.9,0.85,0.87,1193
2014.01.02,00:00,0.88,0.91,0.8,0.84,3151
2014.01.03,00:00,0.84,0.87,0.82,0.86,4079
2014.01.06,00:00,0.87,0.91,0.87,0.91,1824
2014.01.07,00:00,0.91,0.96,0.91,0.93,4468
2014.01.08,00:00,0.93,0.95,0.93,0.95,1536
2014.01.09,00:00,0.95,0.98,0.93,0.95,4618
2014.01.10,00:00,0.95,0.97,0.94,0.94,4227
2014.01.13,00:00,0.95,0.96,0.93,0.95,2305
2014.01.14,00:00,0.95,0.96,0.93,0.95,2508
2014.01.15,00:00,0.95,0.97,0.94,0.96,1688
2014.01.16,00:00,0.96,0.97,0.94,0.97,1966
2014.01.17,00:00,0.97,0.98,0.94,0.95,2814
2014.01.20,00:00,0.95,0.96,0.94,0.95,1873
2014.01.21,00:00,0.95,0.97,0.94,0.94,3245
2014.01.22,00:00,0.95,1,0.94,1,3134
2014.01.23,00:00,1,1.02,0.97,0.98,4530
2014.01.24,00:00,0.97,0.98,0.93,0.96,3797
2014.01.27,00:00,0.95,0.97,0.94,0.95,1664
2014.01.28,00:00,0.96,0.96,0.93,0.93,789
2014.01.29,00:00,0.94,0.94,0.89,0.9,2171
2014.01.30,00:00,0.9,0.92,0.88,0.91,1321
2014.01.31,00:00,0.92,0.92,0.88,0.92,1728
2014.02.03,00:00,0.91,0.92,0.88,0.89,2764
2014.02.04,00:00,0.9,0.9,0.86,0.87,4023
2014.02.05,00:00,0.87,0.9,0.85,0.89,4499
2014.02.06,00:00,0.89,0.92,0.89,0.91,4405
2014.02.07,00:00,0.92,0.95,0.91,0.95,3884
2014.02.10,00:00,0.95,0.96,0.91,0.91,3883
2014.02.11,00:00,0.92,0.94,0.92,0.93,4405
2014.02.12,00:00,0.94,0.94,0.9,0.91,3096
2014.02.13,00:00,0.91,0.91,0.86,0.88,1529
2014.02.14,00:00,0.89,0.91,0.87,0.9,1762
2014.02.17,00:00,0.91,0.91,0.89,0.91,2270
2014.02.18,00:00,0.91,0.91,0.89,0.91,2209
2014.02.19,00:00,0.9,0.91,0.86,0.86,1741
2014.02.20,00:00,0.86,0.86,0.83,0.84,3657
2014.02.21,00:00,0.84,0.9,0.84,0.87,3440
2014.02.24,00:00,0.88,0.89,0.85,0.86,7302
2014.02.25,00:00,0.86,0.87,0.83,0.83,4308
2014.02.26,00:00,0.84,0.85,0.82,0.82,3268
2014.02.27,00:00,0.84,0.85,0.82,0.82,3124
2014.02.28,00:00,0.83,0.84,0.82,0.82,3236
2014.03.05,00:00,0.83,0.83,0.8,0.8,1437
2014.03.06,00:00,0.82,0.82,0.79,0.82,3049
2014.03.07,00:00,0.82,0.84,0.81,0.81,3257
2014.03.10,00:00,0.81,0.82,0.79,0.79,1440
2014.03.11,00:00,0.8,0.81,0.76,0.76,2367
2014.03.12,00:00,0.77,0.77,0.72,0.74,4212
2014.03.13,00:00,0.74,0.74,0.7,0.7,3880
2014.03.14,00:00,0.7,0.72,0.69,0.7,1595
2014.03.17,00:00,0.71,0.72,0.69,0.7,1167
2014.03.18,00:00,0.71,0.72,0.7,0.72,1021
2014.03.19,00:00,0.72,0.72,0.7,0.7,3076
2014.03.20,00:00,0.71,0.73,0.7,0.72,2443
2014.03.21,00:00,0.71,0.76,0.71,0.75,3117
2014.03.24,00:00,0.76,0.76,0.73,0.76,3877
2014.03.25,00:00,0.76,0.76,0.74,0.74,1549
2014.03.26,00:00,0.75,0.76,0.74,0.75,2975
2014.03.27,00:00,0.75,0.77,0.74,0.76,3046
2014.03.28,00:00,0.77,0.77,0.75,0.76,1115
2014.03.31,00:00,0.76,0.78,0.75,0.76,1906
2014.04.01,00:00,0.75,0.77,0.74,0.77,1126
2014.04.02,00:00,0.77,0.81,0.76,0.81,3118
2014.04.03,00:00,0.8,0.82,0.79,0.81,3627
2014.04.04,00:00,0.82,0.83,0.8,0.82,1816
2014.04.07,00:00,0.82,0.83,0.81,0.83,1528
2014.04.08,00:00,0.84,0.85,0.83,0.83,2074
2014.04.09,00:00,0.83,0.84,0.81,0.83,1912
2014.04.10,00:00,0.84,0.85,0.82,0.83,2273
2014.04.11,00:00,0.83,0.84,0.82,0.83,1625
2014.04.14,00:00,0.83,0.84,0.82,0.82,1308
2014.04.15,00:00,0.83,0.83,0.78,0.8,2775
2014.04.16,00:00,0.8,0.81,0.8,0.81,1500
2014.04.17,00:00,0.81,0.83,0.81,0.83,2392
2014.04.22,00:00,0.83,0.84,0.81,0.84,1915
2014.04.23,00:00,0.84,0.85,0.83,0.84,1966
2014.04.24,00:00,0.84,0.85,0.82,0.84,1841
2014.04.25,00:00,0.84,0.85,0.83,0.84,1261
2014.04.28,00:00,0.85,0.88,0.84,0.87,3834
2014.04.29,00:00,0.88,0.89,0.88,0.89,1369
2014.04.30,00:00,0.88,0.91,0.88,0.91,2408
2014.05.02,00:00,0.91,0.95,0.91,0.94,3521
2014.05.05,00:00,0.95,0.96,0.94,0.94,2452
2014.05.06,00:00,0.95,0.95,0.91,0.93,3255
2014.05.07,00:00,0.93,0.94,0.91,0.93,2221
2014.05.08,00:00,0.99,1.05,0.97,1.01,6384
2014.05.09,00:00,1.01,1.05,0.99,1.01,5004
2014.05.12,00:00,1.01,1.03,1.01,1.02,3195
2014.05.13,00:00,1.03,1.04,0.99,0.99,1492
2014.05.14,00:00,0.99,1.01,0.98,0.99,1244
2014.05.15,00:00,0.99,1.01,0.98,0.99,1130
2014.05.16,00:00,0.99,1,0.97,0.98,1918
2014.05.19,00:00,0.99,0.99,0.96,0.98,1665
2014.05.20,00:00,0.98,1,0.97,1,2026
2014.05.21,00:00,0.99,1.05,0.99,1.05,2457
2014.05.22,00:00,1.05,1.07,1.02,1.05,3960
2014.05.23,00:00,1.06,1.07,1.02,1.03,1351
2014.05.26,00:00,1.03,1.03,1,1.01,526
2014.05.27,00:00,1.01,1.01,0.97,0.99,3248
2014.05.28,00:00,0.99,1.01,0.96,1.01,3717
2014.05.29,00:00,1.02,1.03,0.99,1,1464
2014.05.30,00:00,1,1,0.95,0.97,3593
2014.06.02,00:00,0.97,0.97,0.9,0.91,4033
2014.06.03,00:00,0.91,0.93,0.9,0.91,3509
2014.06.04,00:00,0.92,0.95,0.91,0.94,3816
2014.06.05,00:00,0.95,0.98,0.93,0.96,4292
2014.06.06,00:00,0.97,1.01,0.97,1,2403
2014.06.09,00:00,1.01,1.04,1,1.02,2942
2014.06.10,00:00,1.03,1.05,1.01,1.03,2741
2014.06.11,00:00,1.04,1.04,1.01,1.01,2896
2014.06.13,00:00,1.01,1.04,0.98,1.01,2402
2014.06.16,00:00,1.02,1.06,1.02,1.04,2352
2014.06.17,00:00,1.05,1.13,1.05,1.1,4659
2014.06.18,00:00,1.11,1.13,1.06,1.07,7402
2014.06.20,00:00,1.07,1.08,1.04,1.04,5154
2014.06.23,00:00,1.05,1.08,1.05,1.06,2560
2014.06.24,00:00,1.07,1.09,1.06,1.08,4502
2014.06.25,00:00,1.07,1.09,1.04,1.04,3074
2014.06.26,00:00,1.05,1.09,1.05,1.08,3749
2014.06.27,00:00,1.09,1.09,1.07,1.07,1781
2014.06.30,00:00,1.07,1.09,1.06,1.09,1354
2014.07.01,00:00,1.09,1.13,1.09,1.12,1919
2014.07.02,00:00,1.12,1.13,1.1,1.12,1673
2014.07.03,00:00,1.12,1.16,1.12,1.16,2418
2014.07.04,00:00,1.16,1.16,1.14,1.15,384
2014.07.07,00:00,1.14,1.14,1.13,1.14,1662
2014.07.08,00:00,1.14,1.14,1.11,1.12,1616
2014.07.10,00:00,1.11,1.13,1.1,1.12,4400
2014.07.11,00:00,1.11,1.12,1.11,1.12,3517
2014.07.14,00:00,1.13,1.14,1.11,1.12,1926
2014.07.15,00:00,1.12,1.13,1.09,1.09,4064
2014.07.16,00:00,1.1,1.1,1.07,1.09,1563
2014.07.17,00:00,1.09,1.09,1.07,1.08,1275
2014.07.18,00:00,1.08,1.09,1.04,1.05,1803
2014.07.21,00:00,1.05,1.07,1.05,1.07,2631
2014.07.22,00:00,1.07,1.09,1.06,1.07,2210
2014.07.23,00:00,1.07,1.1,1.07,1.07,2687
2014.07.24,00:00,1.08,1.09,1.07,1.08,1246
2014.07.25,00:00,1.08,1.09,1.06,1.08,3873
2014.07.28,00:00,1.08,1.08,1.06,1.08,1244
2014.07.29,00:00,1.08,1.08,1.05,1.06,859
2014.07.30,00:00,1.06,1.06,1.02,1.03,2791
2014.07.31,00:00,1.02,1.06,1.01,1.06,2443
2014.08.01,00:00,1.06,1.07,1.03,1.07,5883
2014.08.04,00:00,1.06,1.06,1.04,1.05,3956
2014.08.05,00:00,1.04,1.07,1.04,1.06,2523
2014.08.06,00:00,1.05,1.06,1.03,1.03,2155
2014.08.07,00:00,1.03,1.04,1.02,1.03,2802
2014.08.08,00:00,1.01,1.05,1,1.03,3503
2014.08.11,00:00,1.03,1.06,1.03,1.06,2124
2014.08.12,00:00,1.06,1.06,1.03,1.04,3142
2014.08.13,00:00,1.05,1.05,1.03,1.04,1395
2014.08.14,00:00,1.03,1.06,1.03,1.05,648
2014.08.15,00:00,1.05,1.08,1.05,1.06,2172
2014.08.18,00:00,1.07,1.09,1.06,1.07,1441
2014.08.19,00:00,1.07,1.08,1.06,1.07,1114
2014.08.20,00:00,1.07,1.07,1.06,1.06,587
2014.08.21,00:00,1.07,1.07,1.05,1.05,1159
2014.08.22,00:00,1.05,1.05,1,1.03,3664
2014.08.25,00:00,1.03,1.05,1.02,1.05,1159
2014.08.26,00:00,1.05,1.08,1.04,1.07,1353
2014.08.27,00:00,1.08,1.08,1.06,1.08,1598
2014.08.28,00:00,1.08,1.08,1.07,1.07,2265
2014.08.29,00:00,1.07,1.08,1.06,1.07,2659
2014.09.01,00:00,1.07,1.07,1.05,1.06,601
2014.09.02,00:00,1.07,1.08,1.06,1.07,1061
2014.09.03,00:00,1.08,1.1,1.07,1.08,2226
2014.09.04,00:00,1.09,1.11,1.08,1.08,1118
2014.09.05,00:00,1.09,1.09,1.03,1.06,5502
2014.09.08,00:00,1.06,1.06,1.03,1.03,2396
2014.09.09,00:00,1.03,1.03,0.99,1,2517
2014.09.10,00:00,0.99,1,0.95,0.97,3301
2014.09.11,00:00,0.97,0.99,0.95,0.98,3420
2014.09.12,00:00,0.98,0.98,0.95,0.97,2014
2014.09.15,00:00,0.99,1.01,0.97,1,3460
2014.09.16,00:00,1,1.06,1,1.03,2405
2014.09.17,00:00,1.05,1.05,1.01,1.01,1768
2014.09.18,00:00,1.01,1.03,1,1.02,2364
2014.09.19,00:00,1,1.03,1,1.03,1375
2014.09.22,00:00,1.01,1.03,0.98,0.98,2010
2014.09.23,00:00,0.98,0.99,0.96,0.97,2380
2014.09.24,00:00,0.97,0.98,0.95,0.97,4754
2014.09.25,00:00,0.97,0.99,0.94,0.95,4552
2014.09.26,00:00,0.95,0.97,0.94,0.95,1370
2014.09.29,00:00,0.94,0.94,0.87,0.87,4116
2014.09.30,00:00,0.87,0.9,0.85,0.9,5256
2014.10.01,00:00,0.9,0.91,0.87,0.91,3211
2014.10.02,00:00,0.9,0.96,0.9,0.94,2591
2014.10.03,00:00,0.94,0.95,0.93,0.93,3508
2014.10.06,00:00,0.96,1,0.95,0.98,1921
2014.10.07,00:00,0.98,0.99,0.96,0.99,2939
2014.10.08,00:00,0.98,1,0.95,1,3415
2014.10.09,00:00,1.01,1.03,0.97,1.03,3792
2014.10.10,00:00,1.01,1.01,0.96,0.96,3114
2014.10.13,00:00,0.99,1,0.95,0.95,2921
2014.10.14,00:00,0.96,0.97,0.96,0.96,1403
2014.10.15,00:00,0.96,0.98,0.94,0.97,2823
2014.10.16,00:00,0.95,0.97,0.94,0.95,2872
2014.10.17,00:00,0.95,0.96,0.93,0.93,1806
2014.10.20,00:00,0.94,0.94,0.91,0.92,2626
2014.10.21,00:00,0.91,0.93,0.89,0.9,3798
2014.10.22,00:00,0.9,0.91,0.89,0.91,3785
2014.10.23,00:00,0.91,0.91,0.85,0.85,3716
2014.10.24,00:00,0.85,0.88,0.85,0.87,1637
2014.10.27,00:00,0.76,0.88,0.76,0.88,1255
2014.10.28,00:00,0.91,0.91,0.88,0.91,956
2014.10.29,00:00,0.91,0.92,0.9,0.9,705
2014.10.30,00:00,0.91,0.95,0.89,0.94,1529
2014.10.31,00:00,0.99,1.02,0.98,0.98,4681
2014.11.03,00:00,1,1.04,1,1.02,2869
2014.11.04,00:00,1.03,1.04,1.02,1.02,3289
2014.11.05,00:00,1.01,1.03,1,1.03,2114
2014.11.06,00:00,1.01,1.03,1,1.01,2386
2014.11.07,00:00,1,1.02,0.98,1.02,3342
2014.11.10,00:00,1.02,1.03,0.99,1,2691
2014.11.11,00:00,1.01,1.01,0.97,0.98,3277
2014.11.12,00:00,0.99,0.99,0.95,0.95,2534
2014.11.13,00:00,0.95,0.96,0.94,0.94,1904
2014.11.14,00:00,0.94,0.96,0.91,0.94,4762
2014.11.17,00:00,0.93,0.94,0.92,0.92,2196
2014.11.18,00:00,0.92,0.96,0.91,0.96,2275
2014.11.19,00:00,0.96,0.99,0.95,0.99,2764
2014.11.21,00:00,0.98,1.01,0.96,0.99,2342
2014.11.24,00:00,0.98,1.03,0.98,1.01,2616
2014.11.25,00:00,1.01,1.03,0.97,0.97,2829
2014.11.26,00:00,0.97,0.98,0.96,0.96,1539
2014.11.27,00:00,0.97,0.98,0.96,0.97,1633
2014.11.28,00:00,0.97,0.97,0.93,0.95,2790
2014.12.01,00:00,0.94,0.96,0.93,0.94,1804
2014.12.02,00:00,0.95,0.95,0.93,0.94,2126
2014.12.03,00:00,0.96,0.97,0.93,0.96,2236
2014.12.04,00:00,0.98,0.98,0.92,0.93,3879
2014.12.05,00:00,0.93,0.94,0.92,0.94,1507
2014.12.08,00:00,0.93,0.94,0.89,0.91,1242
2014.12.09,00:00,0.91,0.91,0.9,0.91,218
2014.12.10,00:00,0.91,0.94,0.9,0.93,1395
2014.12.11,00:00,0.92,0.92,0.91,0.91,1306
2014.12.12,00:00,0.91,0.91,0.86,0.86,1788
2014.12.15,00:00,0.87,0.87,0.84,0.85,1433
2014.12.16,00:00,0.85,0.87,0.84,0.86,2608
2014.12.17,00:00,0.87,0.89,0.85,0.88,2492
2014.12.18,00:00,0.88,0.9,0.87,0.88,1113
2014.12.19,00:00,0.89,0.92,0.88,0.9,870
2014.12.22,00:00,0.91,0.93,0.88,0.91,1830
2014.12.23,00:00,0.91,0.93,0.89,0.91,1712
2014.12.26,00:00,0.89,0.93,0.89,0.9,1656
2014.12.29,00:00,0.9,0.92,0.89,0.92,709
2014.12.30,00:00,0.92,0.94,0.92,0.92,1581
2015.01.02,00:00,0.93,0.93,0.88,0.88,1249
2015.01.05,00:00,0.89,0.91,0.87,0.9,1475
2015.01.06,00:00,0.9,0.91,0.89,0.89,2166
2015.01.07,00:00,0.9,0.92,0.89,0.92,1102
2015.01.08,00:00,0.91,0.92,0.9,0.91,1570
2015.01.09,00:00,0.91,0.92,0.87,0.89,2097
2015.01.12,00:00,0.88,0.9,0.88,0.89,1171
2015.01.13,00:00,0.89,0.9,0.88,0.88,685
2015.01.14,00:00,0.88,0.89,0.86,0.87,2065
2015.01.15,00:00,0.87,0.88,0.86,0.87,1666
2015.01.16,00:00,0.88,0.89,0.87,0.88,2290
2015.01.19,00:00,0.88,0.89,0.86,0.88,2074
2015.01.20,00:00,0.89,0.89,0.84,0.85,3003
2015.01.21,00:00,0.84,0.86,0.83,0.84,2362
2015.01.22,00:00,0.84,0.86,0.83,0.83,2063
2015.01.23,00:00,0.84,0.86,0.82,0.86,1671
2015.01.26,00:00,0.85,0.85,0.8,0.84,2104
2015.01.27,00:00,0.84,0.84,0.8,0.8,2847
2015.01.28,00:00,0.79,0.81,0.77,0.79,2755
2015.01.29,00:00,0.79,0.83,0.78,0.81,1624
2015.01.30,00:00,0.8,0.81,0.79,0.81,1443
2015.02.02,00:00,0.8,0.82,0.8,0.82,1658
2015.02.03,00:00,0.82,0.83,0.78,0.79,1696
2015.02.04,00:00,0.79,0.8,0.77,0.77,1862
2015.02.05,00:00,0.78,0.78,0.75,0.76,2789
2015.02.06,00:00,0.76,0.78,0.72,0.72,3114
2015.02.09,00:00,0.72,0.74,0.72,0.72,2966
2015.02.10,00:00,0.73,0.74,0.72,0.74,1736
2015.02.11,00:00,0.74,0.74,0.69,0.69,3502
2015.02.12,00:00,0.69,0.72,0.69,0.71,3821
2015.02.13,00:00,0.71,0.73,0.7,0.73,1936
2015.02.18,00:00,0.74,0.74,0.72,0.73,1783
2015.02.19,00:00,0.74,0.77,0.73,0.76,1476
2015.02.20,00:00,0.76,0.77,0.76,0.77,2393
2015.02.23,00:00,0.77,0.78,0.75,0.77,2289
2015.02.24,00:00,0.77,0.8,0.77,0.79,1759
2015.02.25,00:00,0.79,0.79,0.76,0.77,2823
2015.02.26,00:00,0.78,0.82,0.76,0.79,3768
2015.02.27,00:00,0.79,0.79,0.72,0.73,4957
2015.03.02,00:00,0.72,0.74,0.71,0.73,1510
2015.03.03,00:00,0.73,0.74,0.7,0.7,2032
2015.03.04,00:00,0.7,0.71,0.67,0.67,1892
2015.03.05,00:00,0.67,0.67,0.65,0.66,2977
2015.03.06,00:00,0.65,0.66,0.61,0.64,3487
2015.03.09,00:00,0.63,0.63,0.59,0.62,4812
2015.03.10,00:00,0.61,0.65,0.61,0.63,4066
2015.03.11,00:00,0.65,0.65,0.63,0.63,3066
2015.03.12,00:00,0.63,0.66,0.63,0.66,3775
2015.03.13,00:00,0.66,0.66,0.62,0.63,3600
2015.03.16,00:00,0.64,0.64,0.6,0.61,2227
2015.03.17,00:00,0.61,0.61,0.59,0.6,2458
2015.03.18,00:00,0.6,0.61,0.59,0.6,2385
2015.03.19,00:00,0.59,0.62,0.59,0.61,3304
2015.03.20,00:00,0.61,0.62,0.61,0.61,1483
2015.03.23,00:00,0.61,0.62,0.61,0.62,828
2015.03.24,00:00,0.62,0.62,0.6,0.61,1423
2015.03.25,00:00,0.61,0.61,0.6,0.6,3050
2015.03.26,00:00,0.6,0.6,0.58,0.6,3352
2015.03.27,00:00,0.6,0.6,0.59,0.59,1721
2015.03.30,00:00,0.59,0.61,0.59,0.6,2033
2015.03.31,00:00,0.61,0.62,0.59,0.62,1339
2015.04.01,00:00,0.61,0.64,0.61,0.63,3245
2015.04.02,00:00,0.62,0.67,0.62,0.66,2503
2015.04.06,00:00,0.66,0.68,0.66,0.66,1780
2015.04.07,00:00,0.66,0.67,0.64,0.66,2408
2015.04.08,00:00,0.66,0.66,0.6,0.6,4499
2015.04.09,00:00,0.6,0.62,0.6,0.6,2993
2015.04.10,00:00,0.6,0.62,0.6,0.61,1907
2015.04.13,00:00,0.61,0.62,0.61,0.61,883
2015.04.14,00:00,0.61,0.61,0.6,0.61,1759
2015.04.15,00:00,0.61,0.62,0.6,0.61,1681
2015.04.16,00:00,0.61,0.63,0.61,0.63,1825
2015.04.17,00:00,0.62,0.63,0.61,0.61,2311
2015.04.20,00:00,0.62,0.62,0.61,0.61,1553
2015.04.22,00:00,0.61,0.61,0.6,0.61,1015
2015.04.23,00:00,0.61,0.61,0.6,0.6,787
2015.04.24,00:00,0.61,0.63,0.6,0.62,2194
2015.04.27,00:00,0.62,0.63,0.62,0.63,1728
2015.04.28,00:00,0.64,0.64,0.61,0.62,1433
2015.04.29,00:00,0.62,0.62,0.6,0.61,1848
2015.04.30,00:00,0.61,0.62,0.6,0.61,1316
2015.05.04,00:00,0.61,0.65,0.61,0.64,2213
2015.05.05,00:00,0.64,0.67,0.64,0.66,1951
2015.05.06,00:00,0.66,0.68,0.65,0.68,1781
2015.05.07,00:00,0.69,0.7,0.67,0.68,1838
2015.05.08,00:00,0.68,0.68,0.61,0.61,3813
2015.05.11,00:00,0.62,0.62,0.6,0.6,1854
2015.05.12,00:00,0.61,0.61,0.6,0.61,1374
2015.05.13,00:00,0.61,0.62,0.6,0.61,1426
2015.05.14,00:00,0.61,0.61,0.57,0.58,2178
2015.05.15,00:00,0.59,0.6,0.58,0.59,1492
2015.05.18,00:00,0.59,0.6,0.58,0.59,984
2015.05.19,00:00,0.59,0.59,0.57,0.58,1638
2015.05.20,00:00,0.59,0.59,0.56,0.57,1468
2015.05.21,00:00,0.57,0.57,0.56,0.57,520
2015.05.22,00:00,0.57,0.58,0.56,0.56,598
2015.05.25,00:00,0.56,0.57,0.55,0.56,523
2015.05.26,00:00,0.55,0.56,0.54,0.54,1603
2015.05.27,00:00,0.54,0.54,0.51,0.54,2363
2015.05.28,00:00,0.55,0.56,0.54,0.54,2134
2015.05.29,00:00,0.54,0.54,0.52,0.52,1615
2015.06.01,00:00,0.52,0.54,0.52,0.53,2045
2015.06.02,00:00,0.53,0.54,0.51,0.52,1862
2015.06.03,00:00,0.52,0.52,0.5,0.51,1963
2015.06.05,00:00,0.5,0.51,0.49,0.5,1571
2015.06.08,00:00,0.5,0.5,0.49,0.5,1357
2015.06.09,00:00,0.5,0.5,0.49,0.5,1073
2015.06.10,00:00,0.5,0.51,0.49,0.49,1270
2015.06.11,00:00,0.49,0.5,0.48,0.49,1242
2015.06.12,00:00,0.49,0.49,0.47,0.48,708
2015.06.15,00:00,0.48,0.48,0.47,0.47,987
2015.06.16,00:00,0.48,0.48,0.47,0.47,1370
2015.06.17,00:00,0.47,0.48,0.47,0.48,1417
2015.06.18,00:00,0.48,0.48,0.47,0.47,1250
2015.06.19,00:00,0.47,0.48,0.46,0.48,2197
2015.06.22,00:00,0.48,0.49,0.48,0.49,1466
2015.06.23,00:00,0.49,0.49,0.47,0.47,1427
2015.06.24,00:00,0.47,0.47,0.45,0.45,1426
2015.06.25,00:00,0.46,0.46,0.44,0.44,908
2015.06.26,00:00,0.44,0.45,0.43,0.44,574
2015.06.29,00:00,0.44,0.45,0.43,0.43,1148
2015.06.30,00:00,0.43,0.43,0.43,0.43,1278
2015.07.01,00:00,0.43,0.43,0.42,0.42,1016
2015.07.02,00:00,0.42,0.42,0.4,0.41,1754
2015.07.03,00:00,0.41,0.41,0.39,0.4,1071
2015.07.06,00:00,0.4,0.4,0.38,0.39,1403
2015.07.07,00:00,0.39,0.39,0.37,0.38,1258
2015.07.08,00:00,0.38,0.38,0.36,0.37,2166
2015.07.10,00:00,0.37,0.38,0.36,0.37,2418
2015.07.13,00:00,0.37,0.37,0.36,0.36,2154
2015.07.14,00:00,0.36,0.36,0.35,0.36,665
2015.07.15,00:00,0.36,0.36,0.34,0.34,1485
2015.07.16,00:00,0.34,0.34,0.32,0.32,2411
2015.07.17,00:00,0.32,0.32,0.31,0.31,2153
2015.07.20,00:00,0.32,0.32,0.29,0.3,1713
2015.07.21,00:00,0.29,0.35,0.29,0.34,8756
2015.07.22,00:00,0.34,0.37,0.34,0.37,4820
2015.07.23,00:00,0.38,0.43,0.38,0.43,7940
2015.07.24,00:00,0.47,0.48,0.37,0.38,6300
2015.07.27,00:00,0.37,0.37,0.33,0.34,2420
2015.07.28,00:00,0.35,0.36,0.34,0.35,2097
2015.07.29,00:00,0.35,0.35,0.33,0.34,3046
2015.07.30,00:00,0.34,0.34,0.32,0.33,1117
2015.07.31,00:00,0.36,0.44,0.36,0.44,4857
2015.08.03,00:00,0.43,0.44,0.39,0.41,3646
2015.08.04,00:00,0.42,0.44,0.41,0.42,2284
2015.08.05,00:00,0.43,0.43,0.41,0.41,1670
2015.08.06,00:00,0.39,0.4,0.37,0.38,1554
2015.08.07,00:00,0.38,0.39,0.36,0.36,1759
2015.08.10,00:00,0.36,0.38,0.35,0.37,2003
2015.08.11,00:00,0.37,0.4,0.37,0.39,1165
2015.08.12,00:00,0.38,0.39,0.36,0.36,1160
2015.08.13,00:00,0.37,0.37,0.35,0.36,1019
2015.08.14,00:00,0.36,0.37,0.35,0.35,851
2015.08.17,00:00,0.35,0.36,0.34,0.36,1664
2015.08.18,00:00,0.36,0.4,0.35,0.38,1934
2015.08.19,00:00,0.38,0.38,0.36,0.36,1800
2015.08.20,00:00,0.36,0.37,0.36,0.37,615
2015.08.21,00:00,0.36,0.36,0.35,0.36,987
2015.08.24,00:00,0.34,0.34,0.33,0.33,1121
2015.08.26,00:00,0.33,0.34,0.32,0.32,1574
2015.08.27,00:00,0.33,0.34,0.32,0.33,1793
2015.08.28,00:00,0.33,0.33,0.32,0.32,1055
2015.08.31,00:00,0.32,0.32,0.31,0.31,927
2015.09.01,00:00,0.31,0.31,0.3,0.3,569
2015.09.02,00:00,0.31,0.31,0.3,0.3,477
2015.09.03,00:00,0.31,0.33,0.3,0.31,1467
2015.09.04,00:00,0.32,0.33,0.3,0.3,894
2015.09.08,00:00,0.31,0.31,0.29,0.29,1449
2015.09.09,00:00,0.29,0.3,0.29,0.3,1582
2015.09.10,00:00,0.29,0.3,0.29,0.29,1624
2015.09.11,00:00,0.29,0.29,0.28,0.28,2016
2015.09.14,00:00,0.28,0.28,0.27,0.27,1746
2015.09.15,00:00,0.27,0.27,0.26,0.26,1212
2015.09.16,00:00,0.26,0.28,0.26,0.27,1279
2015.09.17,00:00,0.28,0.3,0.27,0.28,1671
2015.09.18,00:00,0.28,0.28,0.25,0.25,2506
2015.09.21,00:00,0.26,0.26,0.24,0.24,1449
2015.09.22,00:00,0.24,0.24,0.23,0.23,1760
2015.09.23,00:00,0.24,0.24,0.23,0.23,2327
2015.09.24,00:00,0.23,0.25,0.23,0.24,747
2015.09.25,00:00,0.24,0.25,0.23,0.23,593
2015.09.28,00:00,0.24,0.24,0.22,0.22,1023
2015.09.29,00:00,0.22,0.23,0.22,0.22,609
2015.09.30,00:00,0.22,0.23,0.22,0.22,1106
2015.10.01,00:00,0.21,0.21,0.2,0.2,1133
2015.10.02,00:00,0.2,0.2,0.19,0.2,1773
2015.10.05,00:00,0.2,0.22,0.2,0.21,609
2015.10.06,00:00,0.21,0.23,0.21,0.22,583
2015.10.07,00:00,0.22,0.24,0.22,0.24,800
2015.10.08,00:00,0.24,0.24,0.23,0.24,484
2015.10.09,00:00,0.24,0.25,0.23,0.24,657
2015.10.13,00:00,0.23,0.23,0.21,0.21,1710
2015.10.14,00:00,0.21,0.22,0.21,0.21,1751
2015.10.15,00:00,0.21,0.21,0.2,0.21,1596
2015.10.16,00:00,0.21,0.21,0.2,0.2,1597
2015.10.19,00:00,0.2,0.2,0.19,0.2,1877
2015.10.20,00:00,0.2,0.2,0.19,0.19,775
2015.10.21,00:00,0.19,0.19,0.18,0.18,1767
2015.10.22,00:00,0.18,0.19,0.18,0.18,1279
2015.10.23,00:00,0.18,0.19,0.18,0.18,1693
2015.10.26,00:00,0.18,0.19,0.18,0.19,2684
2015.10.27,00:00,0.19,0.21,0.19,0.2,2025
2015.10.28,00:00,0.2,0.2,0.18,0.18,2075
2015.10.29,00:00,0.18,0.19,0.18,0.18,1536
2015.10.30,00:00,0.18,0.18,0.18,0.18,1682
2015.11.03,00:00,0.19,0.19,0.17,0.17,2014
2015.11.04,00:00,0.17,0.19,0.17,0.18,1934
2015.11.05,00:00,0.18,0.19,0.17,0.18,1873
2015.11.06,00:00,0.18,0.18,0.17,0.17,1493
2015.11.09,00:00,0.17,0.18,0.17,0.17,2011
2015.11.10,00:00,0.17,0.17,0.16,0.16,2590
2015.11.11,00:00,0.16,0.16,0.16,0.16,2123
2015.11.12,00:00,0.16,0.16,0.16,0.16,1683
2015.11.13,00:00,0.16,0.17,0.16,0.16,1974
2015.11.16,00:00,0.16,0.16,0.16,0.16,1533
2015.11.17,00:00,0.16,0.17,0.16,0.17,2228
2015.11.18,00:00,0.17,0.17,0.16,0.16,2298
2015.11.19,00:00,0.16,0.16,0.16,0.16,1254
2015.11.23,00:00,0.16,0.16,0.16,0.16,972
2015.11.24,00:00,0.16,0.16,0.16,0.16,834
2015.11.25,00:00,0.16,0.16,0.15,0.16,1105
2015.11.26,00:00,0.16,0.16,0.16,0.16,1600
2015.11.27,00:00,0.16,0.16,0.15,0.15,1594
2015.11.30,00:00,0.15,0.15,0.14,0.14,1907
2015.12.01,00:00,0.14,0.14,0.12,0.12,2238
2015.12.02,00:00,0.12,0.13,0.12,0.12,1239
2015.12.03,00:00,0.13,0.13,0.12,0.13,1570
2015.12.04,00:00,0.13,0.13,0.12,0.12,1061
2015.12.07,00:00,0.12,0.13,0.12,0.13,1426
2015.12.08,00:00,0.13,0.13,0.12,0.12,1017
2015.12.09,00:00,0.12,0.13,0.12,0.12,2421
2015.12.10,00:00,0.13,0.14,0.12,0.13,1793
2015.12.11,00:00,0.13,0.13,0.12,0.12,1048
2015.12.14,00:00,0.12,0.12,0.12,0.12,1467
2015.12.15,00:00,0.13,0.15,0.13,0.13,2809
2015.12.16,00:00,0.13,0.14,0.13,0.14,1883
2015.12.17,00:00,0.14,0.16,0.14,0.16,2635
2015.12.18,00:00,0.16,0.17,0.16,0.16,2697
2015.12.21,00:00,0.17,0.17,0.15,0.15,691
2015.12.22,00:00,0.16,0.17,0.15,0.17,2048
2015.12.23,00:00,0.17,0.18,0.17,0.18,957
2015.12.28,00:00,0.18,0.25,0.18,0.25,2382
2015.12.29,00:00,0.26,0.28,0.24,0.27,4370
2015.12.30,00:00,0.26,0.27,0.25,0.27,2103
2016.01.04,00:00,0.26,0.28,0.25,0.27,1938
2016.01.05,00:00,0.28,0.28,0.27,0.28,1260
2016.01.06,00:00,0.28,0.28,0.25,0.25,1853
2016.01.07,00:00,0.24,0.24,0.2,0.22,2130
2016.01.08,00:00,0.23,0.23,0.22,0.22,1647
2016.01.11,00:00,0.22,0.23,0.21,0.22,537
2016.01.12,00:00,0.22,0.22,0.21,0.21,266
2016.01.13,00:00,0.21,0.21,0.2,0.21,796
2016.01.14,00:00,0.2,0.22,0.19,0.22,625
2016.01.15,00:00,0.21,0.22,0.21,0.22,676
2016.01.18,00:00,0.22,0.24,0.22,0.22,590
2016.01.19,00:00,0.22,0.23,0.21,0.21,374
2016.01.20,00:00,0.21,0.21,0.2,0.21,527
2016.01.21,00:00,0.21,0.22,0.21,0.21,268
2016.01.22,00:00,0.21,0.21,0.2,0.2,274
2016.01.26,00:00,0.2,0.2,0.19,0.2,449
2016.01.27,00:00,0.2,0.2,0.2,0.2,283
2016.01.28,00:00,0.2,0.2,0.2,0.2,149
2016.01.29,00:00,0.2,0.22,0.2,0.22,550
2016.02.01,00:00,0.22,0.22,0.21,0.22,418
2016.02.02,00:00,0.22,0.23,0.21,0.21,446
2016.02.03,00:00,0.21,0.22,0.21,0.22,304
2016.02.04,00:00,0.22,0.23,0.22,0.22,329
2016.02.05,00:00,0.22,0.23,0.21,0.21,376
2016.02.10,00:00,0.21,0.21,0.2,0.21,226
2016.02.11,00:00,0.2,0.2,0.19,0.19,411
2016.02.12,00:00,0.19,0.23,0.19,0.23,1200
2016.02.15,00:00,0.24,0.27,0.24,0.27,933
2016.02.16,00:00,0.27,0.29,0.27,0.29,1168
2016.02.17,00:00,0.29,0.3,0.26,0.26,1164
2016.02.18,00:00,0.26,0.27,0.25,0.27,1247
2016.02.19,00:00,0.27,0.28,0.27,0.28,626
2016.02.22,00:00,0.28,0.29,0.27,0.28,387
2016.02.23,00:00,0.28,0.29,0.27,0.29,464
2016.02.24,00:00,0.28,0.3,0.28,0.29,505
2016.02.25,00:00,0.29,0.29,0.29,0.29,353
2016.02.26,00:00,0.29,0.3,0.29,0.29,359
2016.02.29,00:00,0.29,0.33,0.29,0.3,814
2016.03.01,00:00,0.31,0.33,0.3,0.32,1372
2016.03.02,00:00,0.32,0.34,0.32,0.34,1054
2016.03.03,00:00,0.34,0.39,0.34,0.39,1145
2016.03.04,00:00,0.4,0.41,0.37,0.39,832
2016.03.07,00:00,0.39,0.4,0.39,0.39,510
2016.03.08,00:00,0.38,0.39,0.38,0.38,627
2016.03.09,00:00,0.38,0.42,0.38,0.41,1241
2016.03.10,00:00,0.42,0.42,0.4,0.42,453
2016.03.11,00:00,0.41,0.42,0.41,0.41,428
2016.03.14,00:00,0.42,0.43,0.41,0.43,1039
2016.03.15,00:00,0.42,0.44,0.42,0.42,556
2016.03.16,00:00,0.42,0.44,0.42,0.44,832
2016.03.17,00:00,0.44,0.46,0.44,0.44,1013
2016.03.18,00:00,0.44,0.44,0.41,0.42,1340
2016.03.21,00:00,0.42,0.46,0.42,0.46,1648
2016.03.22,00:00,0.45,0.47,0.45,0.47,1574
2016.03.23,00:00,0.47,0.48,0.46,0.48,1226
2016.03.24,00:00,0.48,0.49,0.47,0.48,1141
2016.03.28,00:00,0.49,0.49,0.45,0.46,1564
2016.03.29,00:00,0.46,0.47,0.43,0.46,851
2016.03.30,00:00,0.46,0.47,0.46,0.47,1084
2016.03.31,00:00,0.46,0.47,0.45,0.45,441
2016.04.01,00:00,0.44,0.46,0.44,0.46,782
2016.04.04,00:00,0.45,0.46,0.43,0.44,578
2016.04.05,00:00,0.44,0.44,0.43,0.43,814
2016.04.06,00:00,0.43,0.43,0.41,0.42,1218
2016.04.07,00:00,0.42,0.43,0.42,0.42,439
2016.04.08,00:00,0.43,0.44,0.41,0.43,1116
2016.04.11,00:00,0.44,0.45,0.44,0.44,304
2016.04.12,00:00,0.44,0.45,0.44,0.44,582
2016.04.13,00:00,0.45,0.45,0.44,0.44,1010
2016.04.14,00:00,0.44,0.44,0.43,0.44,470
2016.04.15,00:00,0.44,0.44,0.44,0.44,692
2016.04.18,00:00,0.44,0.44,0.44,0.44,566
2016.04.19,00:00,0.44,0.44,0.44,0.44,264
2016.04.20,00:00,0.44,0.45,0.43,0.44,1051
2016.04.22,00:00,0.44,0.44,0.44,0.44,412
2016.04.25,00:00,0.43,0.44,0.43,0.44,607
2016.04.26,00:00,0.44,0.45,0.43,0.44,568
2016.04.27,00:00,0.45,0.53,0.44,0.53,1391
2016.04.28,00:00,0.53,0.54,0.5,0.5,423
2016.04.29,00:00,0.5,0.51,0.49,0.49,681
2016.05.02,00:00,0.5,0.54,0.49,0.53,496
2016.05.03,00:00,0.53,0.56,0.52,0.53,973
2016.05.04,00:00,0.54,0.54,0.49,0.49,1062
2016.05.05,00:00,0.49,0.5,0.44,0.44,864
2016.05.06,00:00,0.5,0.55,0.5,0.52,1619
2016.05.09,00:00,0.52,0.54,0.51,0.54,580
2016.05.10,00:00,0.54,0.54,0.53,0.54,280
2016.05.11,00:00,0.54,0.54,0.53,0.54,193
2016.05.12,00:00,0.54,0.54,0.53,0.53,997
2016.05.13,00:00,0.53,0.53,0.51,0.51,431
2016.05.16,00:00,0.51,0.53,0.5,0.52,380
2016.05.17,00:00,0.52,0.53,0.51,0.52,503
2016.05.18,00:00,0.52,0.54,0.52,0.53,432
2016.05.19,00:00,0.53,0.54,0.52,0.53,298
2016.05.20,00:00,0.52,0.54,0.52,0.54,451
2016.05.23,00:00,0.54,0.54,0.51,0.52,374
2016.05.24,00:00,0.52,0.53,0.51,0.53,401
2016.05.25,00:00,0.53,0.54,0.52,0.52,192
2016.05.27,00:00,0.52,0.53,0.51,0.51,308
2016.05.30,00:00,0.51,0.53,0.51,0.53,404
2016.05.31,00:00,0.52,0.53,0.52,0.53,156
2016.06.01,00:00,0.53,0.53,0.52,0.52,597
2016.06.02,00:00,0.52,0.53,0.52,0.53,760
2016.06.03,00:00,0.53,0.54,0.52,0.54,1021
2016.06.06,00:00,0.54,0.57,0.53,0.57,1112
2016.06.07,00:00,0.57,0.58,0.56,0.58,943
2016.06.08,00:00,0.59,0.59,0.57,0.58,1120
2016.06.09,00:00,0.58,0.58,0.56,0.58,566
2016.06.10,00:00,0.58,0.58,0.55,0.56,843
2016.06.13,00:00,0.56,0.56,0.54,0.54,1030
2016.06.14,00:00,0.54,0.54,0.51,0.53,1827
2016.06.15,00:00,0.53,0.54,0.52,0.53,551
2016.06.16,00:00,0.53,0.53,0.52,0.52,306
2016.06.17,00:00,0.52,0.55,0.52,0.55,405
2016.06.20,00:00,0.55,0.57,0.55,0.56,982
2016.06.21,00:00,0.56,0.58,0.56,0.58,1144
2016.06.22,00:00,0.57,0.59,0.57,0.57,1006
2016.06.23,00:00,0.57,0.58,0.57,0.58,983
2016.06.24,00:00,0.57,0.57,0.55,0.57,544
2016.06.27,00:00,0.57,0.57,0.54,0.57,1244
2016.06.28,00:00,0.58,0.58,0.58,0.58,979
2016.06.29,00:00,0.58,0.59,0.58,0.59,974
2016.06.30,00:00,0.59,0.59,0.58,0.59,460
2016.07.01,00:00,0.59,0.6,0.59,0.6,788
2016.07.04,00:00,0.6,0.6,0.59,0.6,603
2016.07.05,00:00,0.59,0.6,0.59,0.6,723
2016.07.06,00:00,0.6,0.6,0.6,0.6,341
2016.07.07,00:00,0.6,0.61,0.6,0.61,363
2016.07.08,00:00,0.61,0.65,0.61,0.64,912
2016.07.11,00:00,0.65,0.65,0.63,0.64,1147
2016.07.12,00:00,0.64,0.64,0.63,0.64,286
2016.07.13,00:00,0.64,0.65,0.64,0.64,391
2016.07.14,00:00,0.65,0.66,0.64,0.65,1115
2016.07.15,00:00,0.66,0.66,0.65,0.65,375
2016.07.18,00:00,0.65,0.66,0.65,0.65,582
2016.07.19,00:00,0.65,0.67,0.65,0.66,457
2016.07.20,00:00,0.66,0.66,0.65,0.66,499
2016.07.21,00:00,0.66,0.66,0.66,0.66,716
2016.07.22,00:00,0.66,0.67,0.66,0.66,474
2016.07.25,00:00,0.66,0.7,0.66,0.69,801
2016.07.26,00:00,0.69,0.7,0.69,0.69,494
2016.07.27,00:00,0.69,0.69,0.68,0.69,893
2016.07.28,00:00,0.69,0.69,0.67,0.67,872
2016.07.29,00:00,0.67,0.7,0.67,0.7,1394
2016.08.01,00:00,0.71,0.71,0.7,0.7,654
2016.08.02,00:00,0.7,0.71,0.66,0.67,1832
2016.08.03,00:00,0.68,0.7,0.68,0.68,3303
2016.08.04,00:00,0.7,0.77,0.7,0.77,2415
2016.08.05,00:00,0.8,0.82,0.77,0.81,1243
2016.08.08,00:00,0.82,0.83,0.8,0.81,849
2016.08.09,00:00,0.82,0.86,0.82,0.86,1472
2016.08.10,00:00,0.86,0.89,0.86,0.89,1463
2016.08.11,00:00,0.9,0.9,0.85,0.9,1475
2016.08.12,00:00,0.9,0.92,0.9,0.92,550
2016.08.15,00:00,0.92,0.93,0.9,0.91,854
2016.08.16,00:00,0.91,0.96,0.91,0.95,1279
2016.08.17,00:00,0.95,0.97,0.93,0.97,769
2016.08.18,00:00,0.97,0.97,0.95,0.95,821
2016.08.19,00:00,0.95,0.96,0.94,0.94,499
2016.08.22,00:00,0.94,0.96,0.92,0.95,1200
2016.08.23,00:00,0.94,0.97,0.94,0.96,787
2016.08.24,00:00,0.96,0.97,0.95,0.96,1031
2016.08.25,00:00,0.95,0.96,0.95,0.95,234
2016.08.26,00:00,0.94,0.96,0.93,0.95,1059
2016.08.29,00:00,0.95,0.96,0.93,0.96,527
2016.08.30,00:00,0.96,0.96,0.93,0.93,1377
2016.08.31,00:00,0.94,0.94,0.92,0.93,562
2016.09.01,00:00,0.93,0.98,0.92,0.97,2175
2016.09.02,00:00,0.97,1.01,0.96,1.01,1656
2016.09.05,00:00,1.01,1.02,1.01,1.01,251
2016.09.06,00:00,1.01,1.01,1,1.01,348
2016.09.08,00:00,1.01,1.02,1,1.01,785
2016.09.09,00:00,1.01,1.01,0.99,1.01,1276
2016.09.12,00:00,1,1.01,0.98,1.01,673
2016.09.13,00:00,1,1.01,0.93,0.95,973
2016.09.14,00:00,0.96,0.96,0.94,0.94,1099
2016.09.15,00:00,0.94,0.96,0.94,0.95,442
2016.09.16,00:00,0.95,0.97,0.91,0.96,736
2016.09.19,00:00,0.96,0.99,0.96,0.98,745
2016.09.20,00:00,0.98,1.01,0.97,1,775
2016.09.21,00:00,1,1.07,1,1.07,1915
2016.09.22,00:00,1.07,1.09,1.05,1.08,1097
2016.09.23,00:00,1.08,1.09,1.07,1.07,666
2016.09.26,00:00,1.07,1.09,1.07,1.09,845
2016.09.27,00:00,1.09,1.14,1.09,1.14,1340
2016.09.28,00:00,1.14,1.16,1.12,1.15,875
2016.09.29,00:00,1.13,1.16,1.13,1.15,485
2016.09.30,00:00,1.15,1.17,1.13,1.17,1063
2016.10.03,00:00,1.18,1.21,1.17,1.19,725
2016.10.04,00:00,1.19,1.21,1.18,1.21,558
2016.10.05,00:00,1.21,1.24,1.21,1.24,944
2016.10.06,00:00,1.23,1.27,1.23,1.27,456
2016.10.07,00:00,1.27,1.3,1.27,1.3,920
2016.10.10,00:00,1.31,1.38,1.31,1.38,832
2016.10.11,00:00,1.41,1.43,1.33,1.38,1414
2016.10.13,00:00,1.38,1.39,1.33,1.35,1221
2016.10.14,00:00,1.37,1.4,1.35,1.39,933
2016.10.17,00:00,1.4,1.41,1.37,1.38,448
2016.10.18,00:00,1.37,1.4,1.35,1.39,872
2016.10.19,00:00,1.39,1.41,1.38,1.41,520
2016.10.20,00:00,1.41,1.41,1.37,1.41,740
2016.10.21,00:00,1.4,1.42,1.39,1.42,536
2016.10.24,00:00,1.42,1.51,1.42,1.5,666
2016.10.25,00:00,1.5,1.53,1.27,1.27,1956
2016.10.26,00:00,1.26,1.26,1.03,1.06,2452
2016.10.27,00:00,1.13,1.4,1.12,1.39,2848
2016.10.28,00:00,1.39,1.43,1.28,1.33,1683
2016.10.31,00:00,1.45,1.48,1.37,1.41,1560
2016.11.01,00:00,1.42,1.43,1.38,1.41,1039
2016.11.03,00:00,1.41,1.42,1.35,1.41,964
2016.11.04,00:00,1.4,1.42,1.38,1.42,814
2016.11.07,00:00,1.42,1.45,1.41,1.44,687
2016.11.08,00:00,1.42,1.45,1.39,1.45,685
2016.11.09,00:00,1.38,1.5,1.37,1.5,1273
2016.11.10,00:00,1.5,1.51,1.4,1.45,1055
2016.11.11,00:00,1.43,1.48,1.4,1.45,743
2016.11.14,00:00,1.47,1.47,1.41,1.41,442
2016.11.16,00:00,1.42,1.45,1.4,1.4,663
2016.11.17,00:00,1.41,1.43,1.38,1.4,650
2016.11.18,00:00,1.42,1.43,1.39,1.43,905
2016.11.21,00:00,1.43,1.47,1.42,1.47,361
2016.11.22,00:00,1.47,1.48,1.45,1.48,821
2016.11.23,00:00,1.48,1.51,1.45,1.51,829
2016.11.24,00:00,1.49,1.5,1.49,1.49,93
2016.11.25,00:00,1.49,1.5,1.46,1.49,590
2016.11.28,00:00,1.49,1.53,1.49,1.5,759
2016.11.29,00:00,1.5,1.58,1.5,1.55,758
2016.11.30,00:00,1.56,1.59,1.56,1.59,441
2016.12.01,00:00,1.58,1.59,1.54,1.54,897
2016.12.02,00:00,1.53,1.54,1.48,1.51,874
2016.12.05,00:00,1.53,1.54,1.49,1.5,529
2016.12.06,00:00,1.49,1.56,1.48,1.56,1000
2016.12.07,00:00,1.57,1.57,1.55,1.57,721
2016.12.08,00:00,1.56,1.65,1.56,1.61,957
2016.12.09,00:00,1.61,1.64,1.59,1.63,558
2016.12.12,00:00,1.62,1.63,1.58,1.58,564
2016.12.13,00:00,1.58,1.63,1.58,1.61,904
2016.12.14,00:00,1.61,1.65,1.58,1.58,851
2016.12.15,00:00,1.59,1.64,1.58,1.62,947
2016.12.16,00:00,1.63,1.65,1.6,1.64,315
2016.12.19,00:00,1.63,1.64,1.6,1.6,546
2016.12.20,00:00,1.62,1.62,1.56,1.59,377
2016.12.21,00:00,1.6,1.63,1.6,1.63,476
2016.12.22,00:00,1.64,1.64,1.61,1.62,197
2016.12.23,00:00,1.61,1.63,1.61,1.62,175
2016.12.26,00:00,1.61,1.62,1.61,1.62,100
2016.12.27,00:00,1.62,1.63,1.6,1.61,180
2016.12.28,00:00,1.61,1.63,1.59,1.62,292
2016.12.29,00:00,1.64,1.64,1.59,1.62,268
2017.01.02,00:00,1.61,1.61,1.56,1.56,144
2017.01.03,00:00,1.57,1.6,1.53,1.55,274
2017.01.04,00:00,1.55,1.55,1.46,1.47,842
2017.01.05,00:00,1.48,1.52,1.48,1.52,869
2017.01.06,00:00,1.52,1.53,1.5,1.51,230
2017.01.09,00:00,1.51,1.51,1.44,1.44,822
2017.01.10,00:00,1.45,1.5,1.45,1.48,648
2017.01.11,00:00,1.47,1.5,1.47,1.49,851
2017.01.12,00:00,1.51,1.6,1.51,1.59,1216
2017.01.13,00:00,1.59,1.64,1.58,1.62,642
2017.01.16,00:00,1.62,1.62,1.58,1.59,627
2017.01.17,00:00,1.59,1.63,1.58,1.62,511
2017.01.18,00:00,1.62,1.64,1.62,1.63,319
2017.01.19,00:00,1.63,1.65,1.62,1.64,456
2017.01.20,00:00,1.63,1.84,1.63,1.83,1562
2017.01.23,00:00,1.83,1.93,1.78,1.91,717
2017.01.24,00:00,1.91,2,1.88,2,890
2017.01.26,00:00,2,2.02,1.93,1.95,695
2017.01.27,00:00,1.94,1.96,1.85,1.9,334
2017.01.30,00:00,1.91,1.93,1.78,1.78,276
2017.01.31,00:00,1.8,1.96,1.8,1.96,511
2017.02.01,00:00,1.97,1.99,1.84,1.94,664
2017.02.02,00:00,1.94,1.95,1.9,1.94,602
2017.02.03,00:00,1.94,1.96,1.92,1.94,281
2017.02.06,00:00,1.93,2.13,1.93,2.13,710
2017.02.07,00:00,2.14,2.18,2.13,2.14,428
2017.02.08,00:00,2.16,2.17,2.09,2.1,466
2017.02.09,00:00,2.12,2.12,2.1,2.1,266
2017.02.10,00:00,2.1,2.13,2.1,2.12,438
2017.02.13,00:00,2.12,2.36,2.12,2.33,701
2017.02.14,00:00,2.35,2.45,2.28,2.29,641
2017.02.15,00:00,2.31,2.39,2.3,2.36,779
2017.02.16,00:00,2.37,2.4,2.35,2.39,830
2017.02.17,00:00,2.39,2.51,2.38,2.5,1149
2017.02.20,00:00,2.62,2.71,2.55,2.69,629
2017.02.21,00:00,2.72,2.93,2.69,2.93,827
2017.02.22,00:00,2.93,2.98,2.86,2.96,1368
2017.02.23,00:00,2.98,3.14,2.93,3.14,1817
2017.02.24,00:00,3.1,3.34,2.99,3.18,992
2017.03.01,00:00,3.25,3.34,3.25,3.29,1036
2017.03.02,00:00,3.29,3.31,2.97,3.03,1264
2017.03.03,00:00,3,3.12,2.89,2.98,865
2017.03.06,00:00,3,3.11,2.96,2.98,440
2017.03.07,00:00,3,3,2.7,2.83,1213
2017.03.08,00:00,2.86,2.86,2.53,2.69,1507
2017.03.09,00:00,2.67,2.87,2.53,2.84,1285
2017.03.10,00:00,2.9,2.91,2.61,2.62,981
2017.03.13,00:00,2.68,2.71,2.53,2.6,797
2017.03.14,00:00,2.6,2.65,2.54,2.65,760
2017.03.15,00:00,2.64,2.69,2.56,2.69,413
2017.03.16,00:00,2.72,3,2.72,3,1068
2017.03.17,00:00,3.01,3.01,2.81,2.81,763
2017.03.20,00:00,2.81,3.03,2.78,2.99,643
2017.03.21,00:00,3,3,2.79,2.82,782
2017.03.22,00:00,2.82,2.84,2.76,2.79,556
2017.03.23,00:00,2.8,2.9,2.8,2.89,236
2017.03.24,00:00,2.91,2.91,2.77,2.79,440
2017.03.27,00:00,2.74,2.78,2.7,2.78,514
2017.03.28,00:00,2.81,2.81,2.69,2.7,553
2017.03.29,00:00,2.71,2.77,2.69,2.76,335
2017.03.30,00:00,2.74,2.78,2.7,2.77,226
2017.03.31,00:00,2.77,2.9,2.71,2.71,560
2017.04.03,00:00,2.73,2.86,2.71,2.8,371
2017.04.04,00:00,2.82,2.88,2.76,2.81,428
2017.04.05,00:00,2.83,2.86,2.78,2.86,1027
2017.04.06,00:00,2.83,2.88,2.83,2.88,358
2017.04.07,00:00,2.84,2.9,2.84,2.87,423
2017.04.10,00:00,2.86,2.86,2.79,2.83,380
2017.04.11,00:00,2.83,2.87,2.77,2.87,620
2017.04.12,00:00,2.83,2.83,2.73,2.75,561
2017.04.13,00:00,2.75,2.78,2.59,2.63,366
2017.04.17,00:00,2.66,2.9,2.61,2.9,644
2017.04.18,00:00,2.85,3.01,2.84,3.01,821
2017.04.19,00:00,3.01,3.18,2.99,3.15,752
2017.04.20,00:00,3.15,3.28,3.12,3.28,502
2017.04.24,00:00,3.29,3.43,3.16,3.21,1149
2017.04.25,00:00,3.2,3.29,3.2,3.21,400
2017.04.26,00:00,3.21,3.28,3.21,3.25,302
2017.04.27,00:00,3.26,3.41,3.26,3.41,688
2017.04.28,00:00,3.41,3.64,3.37,3.43,1232
2017.05.02,00:00,3.51,3.55,3.41,3.52,605
2017.05.03,00:00,3.53,3.58,3.44,3.54,587
2017.05.04,00:00,3.51,3.56,3.46,3.49,645
2017.05.05,00:00,3.92,4.2,3.87,3.98,2048
2017.05.08,00:00,3.91,4.09,3.79,4.04,777
2017.05.09,00:00,4.06,4.18,4.06,4.17,589
2017.05.10,00:00,4.2,4.31,4.2,4.31,791
2017.05.11,00:00,4,4.19,4,4.05,1510
2017.05.12,00:00,4.05,4.15,3.97,4.07,842
2017.05.15,00:00,4.1,4.19,4.02,4.19,1148
2017.05.16,00:00,4.19,4.34,4.19,4.34,675
2017.05.17,00:00,4.32,4.34,4.26,4.31,834
2017.05.18,00:00,3.8,3.87,3.54,3.61,1141
2017.05.19,00:00,3.84,4,3.82,3.82,1132
2017.05.22,00:00,3.77,3.8,3.4,3.41,763
2017.05.23,00:00,3.53,3.77,3.41,3.72,889
2017.05.24,00:00,3.75,3.88,3.75,3.84,630
2017.05.25,00:00,3.83,3.92,3.77,3.82,821
2017.05.26,00:00,3.89,3.92,3.85,3.92,499
2017.05.29,00:00,3.89,3.99,3.88,3.97,291
2017.05.30,00:00,3.97,4.04,3.97,4,321
2017.05.31,00:00,4.02,4.07,3.85,3.86,646
2017.06.01,00:00,3.9,3.97,3.71,3.81,587
2017.06.02,00:00,3.86,3.88,3.67,3.71,1361
2017.06.05,00:00,3.71,3.73,3.64,3.64,762
2017.06.06,00:00,3.63,3.68,3.47,3.64,999
2017.06.07,00:00,3.69,3.84,3.66,3.84,823
2017.06.08,00:00,3.84,4,3.79,3.95,875
2017.06.09,00:00,3.97,4.03,3.86,3.87,588
2017.06.12,00:00,3.84,3.95,3.8,3.82,556
2017.06.13,00:00,3.85,3.93,3.78,3.93,646
2017.06.14,00:00,3.94,4,3.91,3.95,861
2017.06.16,00:00,3.95,3.98,3.82,3.98,837
2017.06.19,00:00,3.92,4,3.92,3.95,464
2017.06.20,00:00,3.95,3.95,3.78,3.78,1084
2017.06.21,00:00,3.85,3.87,3.74,3.77,841
2017.06.22,00:00,3.8,3.81,3.67,3.67,779
2017.06.23,00:00,3.72,3.81,3.66,3.76,1012
2017.06.26,00:00,3.78,3.87,3.76,3.86,417
2017.06.27,00:00,3.86,3.88,3.72,3.78,565
2017.06.28,00:00,3.81,3.81,3.71,3.71,695
2017.06.29,00:00,3.74,3.83,3.72,3.82,681
2017.06.30,00:00,3.81,3.97,3.81,3.94,820
2017.07.03,00:00,3.93,4,3.93,4,509
2017.07.04,00:00,4,4.03,3.97,4,262
2017.07.05,00:00,3.97,4.01,3.96,4,668
2017.07.06,00:00,3.98,3.99,3.95,3.99,1030
2017.07.07,00:00,3.98,4.41,3.98,4.39,2055
2017.07.10,00:00,4.39,4.58,4.36,4.58,1312
2017.07.11,00:00,4.6,4.7,4.57,4.67,1159
2017.07.12,00:00,4.75,4.87,4.71,4.84,1105
2017.07.13,00:00,4.87,4.92,4.61,4.64,1299
2017.07.14,00:00,4.64,4.87,4.64,4.86,849
2017.07.17,00:00,4.86,5.1,4.86,5.07,1181
2017.07.18,00:00,5.15,5.37,5.15,5.29,1623
2017.07.19,00:00,5.4,5.46,5.21,5.31,2027
2017.07.20,00:00,5.31,5.4,5.27,5.36,862
2017.07.21,00:00,5.36,5.42,5.15,5.15,1324
2017.07.24,00:00,5.25,5.29,5.14,5.15,722
2017.07.25,00:00,5.23,5.37,5.15,5.33,1195
2017.07.26,00:00,5.34,5.37,5.24,5.29,861
2017.07.27,00:00,5.35,5.36,5.23,5.35,753
2017.07.28,00:00,5.31,5.64,5.29,5.64,1358
2017.07.31,00:00,5.77,5.87,5.54,5.64,1868
2017.08.01,00:00,5.92,5.92,5.64,5.69,1540
2017.08.02,00:00,5.64,5.79,5.57,5.72,2041
2017.08.03,00:00,5.8,5.8,5.64,5.73,1273
2017.08.04,00:00,5.75,6.04,5.67,6.04,2056
2017.08.07,00:00,6.06,6.26,6.04,6.15,2070
2017.08.08,00:00,6.15,6.2,5.93,6.06,2146
2017.08.09,00:00,6,6.33,5.98,6.23,1619
2017.08.10,00:00,6.23,6.33,6.06,6.1,1236
2017.08.11,00:00,6.09,6.36,6.09,6.36,1496
2017.08.14,00:00,6.38,6.88,6.33,6.85,1853
2017.08.15,00:00,6.98,7.14,6.9,6.98,1545
2017.08.16,00:00,7.11,7.54,7.06,7.53,1946
2017.08.17,00:00,7.81,7.83,6.8,6.93,3064
2017.08.18,00:00,6.66,7.21,6.53,7.04,2269
2017.08.21,00:00,7.1,7.38,7.1,7.27,1517
2017.08.22,00:00,7.33,7.37,7.1,7.2,1030
2017.08.23,00:00,7.07,7.15,6.92,7.12,1034
2017.08.24,00:00,7.09,7.4,7.06,7.34,1218
2017.08.25,00:00,7.38,7.43,7.25,7.36,1300
2017.08.28,00:00,7.38,7.71,7.38,7.6,1178
2017.08.29,00:00,7.55,7.66,7.47,7.63,642
2017.08.30,00:00,7.66,7.99,7.61,7.92,1441
2017.08.31,00:00,7.97,8.76,7.97,8.73,2690
2017.09.01,00:00,8.9,9.29,8.63,8.67,2668
2017.09.04,00:00,8.7,9.56,8.53,9.56,1935
2017.09.05,00:00,9.81,10.63,9.66,10.09,12099
2017.09.06,00:00,10.66,10.7,10.27,10.51,6852
2017.09.08,00:00,10.61,10.74,9.59,9.71,9938
2017.09.11,00:00,10.05,10.15,9.47,9.63,8089
2017.09.12,00:00,8.49,8.91,7.83,8.49,17877
2017.09.13,00:00,8.64,8.97,8.12,8.89,10544
2017.09.14,00:00,8.99,10.13,8.94,10.09,17434
2017.09.15,00:00,10.37,10.7,10.19,10.23,11571
2017.09.18,00:00,10.5,10.5,9.49,9.99,10428
2017.09.19,00:00,9.9,10.24,9.66,9.7,8056
2017.09.20,00:00,9.92,9.95,9.17,9.29,12608
2017.09.21,00:00,9.29,9.41,8.92,9.36,7820
2017.09.22,00:00,9.48,9.56,9.17,9.23,4880
2017.09.25,00:00,9.08,9.25,8.77,8.83,7752
2017.09.26,00:00,8.87,9.27,8.43,9.1,12177
2017.09.27,00:00,9.08,9.12,8.38,8.4,12104
2017.09.28,00:00,8.86,8.98,8.5,8.7,15413
2017.09.29,00:00,8.59,9.16,8.55,9.13,20086
2017.10.02,00:00,9.33,9.6,9.15,9.58,12446
2017.10.03,00:00,9.68,9.89,9.35,9.72,11013
2017.10.04,00:00,9.65,9.78,9.53,9.78,6572
2017.10.05,00:00,9.78,9.84,9.5,9.64,8846
2017.10.06,00:00,9.59,9.84,9.42,9.8,7684
2017.10.09,00:00,9.9,9.93,9.48,9.57,5399
2017.10.10,00:00,9.64,9.8,9.52,9.79,4480
2017.10.11,00:00,9.74,9.84,9.47,9.47,4453
2017.10.13,00:00,8.51,9,8.46,8.94,20491
2017.10.16,00:00,9,9.19,8.48,8.52,14004
2017.10.17,00:00,8.61,8.75,7.42,7.85,21313
2017.10.18,00:00,8.08,8.7,7.97,8.7,21049
2017.10.19,00:00,8.73,8.91,8.28,8.61,8537
2017.10.20,00:00,8.73,8.92,8.62,8.91,7873
2017.10.23,00:00,8.92,9.04,8.45,8.51,6980
2017.10.24,00:00,8.63,8.72,8.19,8.46,8682
2017.10.25,00:00,8.52,8.58,8.28,8.46,5880
2017.10.26,00:00,8.49,8.54,7.94,8.08,10269
2017.10.27,00:00,8.1,8.42,7.77,7.87,9692
2017.10.30,00:00,7.89,7.91,7.5,7.78,9418
2017.10.31,00:00,7.87,7.97,7.6,7.84,7285
2017.11.01,00:00,8.49,8.55,8.2,8.24,13290
2017.11.03,00:00,8.24,8.3,7.45,7.57,14918
2017.11.06,00:00,7.68,7.71,7.01,7.01,14324
2017.11.07,00:00,6.85,6.85,6.27,6.34,21200
2017.11.08,00:00,6.4,6.79,6.38,6.78,11635
2017.11.09,00:00,6.8,6.8,6.29,6.36,8689
2017.11.10,00:00,6.37,6.56,5.89,6.03,12517
2017.11.13,00:00,6.03,6.41,5.85,6.29,10153
2017.11.14,00:00,6.39,6.83,6.35,6.76,14741
2017.11.16,00:00,6.95,7.26,6.85,7.01,13561
2017.11.17,00:00,7.2,7.38,7.15,7.29,9258
2017.11.21,00:00,7.42,7.55,7.38,7.45,10364
2017.11.22,00:00,7.44,7.55,7.04,7.42,9992
2017.11.23,00:00,7.35,7.35,7.13,7.22,3689
2017.11.24,00:00,7.24,7.56,7.16,7.56,4707
2017.11.27,00:00,7.63,7.66,7.26,7.33,8732
2017.11.28,00:00,7.37,7.49,7.18,7.23,5097
2017.11.29,00:00,7.26,7.32,7.08,7.16,6791
2017.11.30,00:00,7.16,7.16,6.75,6.99,10923
2017.12.01,00:00,7.01,7.28,6.79,7.16,7298
2017.12.04,00:00,7.26,7.26,7.04,7.1,6175
2017.12.05,00:00,7.06,7.19,6.93,7.07,6651
2017.12.06,00:00,7.04,7.19,6.97,7.17,4999
2017.12.07,00:00,7.04,7.97,7.01,7.93,14565
2017.12.08,00:00,8.18,8.67,8.12,8.61,15056
2017.12.11,00:00,8.78,9,8.55,8.58,10038
2017.12.12,00:00,8.24,8.58,8.19,8.58,8290
2017.12.13,00:00,8.75,8.92,8.44,8.46,9882
2017.12.14,00:00,8.35,8.67,8.22,8.51,5873
2017.12.15,00:00,8.55,8.6,8.41,8.54,4356
2017.12.18,00:00,8.78,8.8,8.43,8.46,6348
2017.12.19,00:00,8.5,8.52,8.17,8.23,4709
2017.12.20,00:00,8.34,8.65,8.22,8.61,4947
2017.12.21,00:00,8.61,9.06,8.56,8.93,11301
2017.12.22,00:00,8.85,9.17,8.72,9.01,4739
2017.12.26,00:00,9.05,9.39,8.99,9.33,5391
2017.12.27,00:00,9.45,9.64,9.45,9.56,5869
2017.12.28,00:00,9.73,9.92,9.62,9.92,7472
2018.01.02,00:00,10,10.18,9.69,9.8,7384
2018.01.03,00:00,9.77,10.06,9.58,9.68,6049
2018.01.04,00:00,9.89,9.95,9.8,9.91,6979
2018.01.05,00:00,9.95,10,9.69,9.72,3955
2018.01.08,00:00,9.7,9.9,9.69,9.72,3962
2018.01.09,00:00,9.8,9.84,9.43,9.48,4149
2018.01.10,00:00,9.47,9.7,9.35,9.58,4786
2018.01.11,00:00,9.7,9.74,9.55,9.6,2868
2018.01.12,00:00,9.49,9.7,9.44,9.59,3181
2018.01.15,00:00,9.67,9.79,9.62,9.75,2731
2018.01.16,00:00,9.77,9.9,9.67,9.73,3059
2018.01.17,00:00,9.79,9.84,9.66,9.74,2263
2018.01.18,00:00,9.77,9.79,9.46,9.58,4506
2018.01.19,00:00,9.6,9.72,9.49,9.49,2341
2018.01.22,00:00,9.61,9.62,9.37,9.52,2794
2018.01.23,00:00,9.48,9.52,9.22,9.26,4121
2018.01.24,00:00,9.27,10.01,9.27,10.01,8140
2018.01.26,00:00,10.14,10.45,10.01,10.24,8989
2018.01.29,00:00,10.14,10.46,10.02,10.46,3686
2018.01.30,00:00,10.44,10.69,10.3,10.47,4358
2018.01.31,00:00,10.63,10.68,10.4,10.45,4879
2018.02.01,00:00,10.42,10.63,10.42,10.61,4749
2018.02.02,00:00,10.59,10.59,10.32,10.37,4229
2018.02.05,00:00,10.32,10.32,9.97,9.97,3836
2018.02.06,00:00,9.74,10.11,9.66,10.09,7193
2018.02.07,00:00,10.1,10.1,9.75,9.77,5585
2018.02.08,00:00,9.89,9.95,9.36,9.4,6061
2018.02.09,00:00,9.46,9.53,8.94,9.13,6680
2018.02.14,00:00,9.21,9.23,8.93,9.23,7894
2018.02.15,00:00,9.33,9.79,9.33,9.79,5373
2018.02.16,00:00,9.9,10.04,9.53,9.72,4408
2018.02.19,00:00,9.84,10.17,9.78,10.17,3744
2018.02.20,00:00,10.07,10.26,9.91,10.26,3987
2018.02.21,00:00,10.27,10.37,9.83,9.83,8388
2018.02.22,00:00,9.96,10.11,9.9,10.07,4725
2018.02.23,00:00,10.64,10.81,10.53,10.75,16785
2018.02.26,00:00,10.79,11.66,10.76,11.66,10807
2018.02.27,00:00,11.61,11.72,11.26,11.31,9297
2018.02.28,00:00,11.25,11.5,11.04,11.26,6300
2018.03.01,00:00,11.26,11.47,11.11,11.4,7008
2018.03.02,00:00,11.29,11.5,11.16,11.48,7172
2018.03.05,00:00,11.46,11.48,11.12,11.18,5911
2018.03.06,00:00,11.29,11.36,10.94,11.02,5666
2018.03.07,00:00,11.05,11.13,10.84,11.13,3426
2018.03.08,00:00,11,11.03,10.66,10.91,8346
2018.03.09,00:00,10.91,11.39,10.82,11.21,10007
2018.03.12,00:00,11.4,11.56,11.26,11.44,5584
2018.03.13,00:00,11.5,11.58,11.14,11.32,6847
2018.03.14,00:00,11.33,11.4,11.01,11.09,6404
2018.03.15,00:00,11.04,11.31,10.95,11.25,5800
2018.03.16,00:00,11.29,11.5,11.19,11.46,5587
2018.03.19,00:00,11.22,11.36,11.08,11.21,5089
2018.03.20,00:00,11.31,11.39,11.11,11.13,3997
2018.03.21,00:00,11.18,11.5,11.13,11.5,6778
2018.03.22,00:00,11.51,11.85,11.37,11.79,7417
2018.03.23,00:00,11.75,11.96,11.68,11.72,5847
2018.03.26,00:00,11.87,12.36,11.82,12.36,9328
2018.03.27,00:00,12.44,12.57,11.9,11.95,12887
2018.03.28,00:00,11.93,12.16,11.75,11.99,8319
2018.03.29,00:00,12.13,12.23,12,12.1,3688
2018.04.02,00:00,12.18,12.35,11.98,12.1,5504
2018.04.03,00:00,12.22,12.3,11.99,11.99,3659
2018.04.04,00:00,11.99,11.99,11.38,11.93,7899
2018.04.05,00:00,12.28,12.29,12.07,12.2,5578
2018.04.06,00:00,12.18,12.24,12.04,12.13,4849
2018.04.09,00:00,12.13,12.24,11.75,11.95,6383
2018.04.10,00:00,12.11,12.13,11.56,11.73,8155
2018.04.11,00:00,11.68,11.97,11.57,11.97,5090
2018.04.12,00:00,11.87,12.44,11.87,12.3,6757
2018.04.13,00:00,12.2,12.25,12.05,12.15,2741
2018.04.16,00:00,12.14,12.28,11.84,11.89,4540
2018.04.17,00:00,12.04,12.1,11.9,12.02,3892
2018.04.18,00:00,12.15,12.16,11.82,11.86,6530
2018.04.19,00:00,11.94,11.97,11.65,11.7,5514
2018.04.20,00:00,11.67,12.1,11.65,12.01,5997
2018.04.23,00:00,12.04,12.38,11.93,12.38,5663
2018.04.24,00:00,12.36,12.64,12.28,12.53,5327
2018.04.25,00:00,12.39,12.62,12.21,12.57,4054
2018.04.26,00:00,12.57,13,12.51,12.95,5494
2018.04.27,00:00,13.01,13.24,12.85,13.05,5514
2018.04.30,00:00,13.04,13.36,13.03,13.23,4917
2018.05.02,00:00,13.26,13.29,12.71,12.71,6121
2018.05.03,00:00,12.81,12.86,11.99,12.05,12237
2018.05.04,00:00,12.15,12.39,11.86,12.11,8877
2018.05.07,00:00,12.21,12.35,11.98,12,5685
2018.05.08,00:00,12.97,13.76,12.69,13.76,17314
2018.05.09,00:00,13.76,14.18,13.39,13.96,9500
2018.05.10,00:00,13.96,14.19,13.57,13.57,7100
2018.05.11,00:00,13.57,13.78,13.23,13.47,6619
2018.05.14,00:00,13.59,13.72,13.07,13.41,6072
2018.05.15,00:00,13.41,13.7,13.11,13.2,8952
2018.05.16,00:00,13.15,14.16,13.15,13.91,8827
2018.05.17,00:00,13.91,14.06,13.32,13.55,6877
2018.05.18,00:00,13.39,13.39,12.71,13.03,14726
2018.05.21,00:00,13.47,13.77,13.41,13.58,6944
2018.05.22,00:00,13.64,14.13,13.56,14.13,8549
2018.05.23,00:00,13.94,14.04,13.64,13.87,6059
2018.05.24,00:00,13.51,14.07,13.39,14.01,6925
2018.05.25,00:00,14.03,14.12,13.84,13.88,7593
2018.05.28,00:00,13.67,13.77,12.89,13.02,9610
2018.05.29,00:00,13.39,13.67,12.85,12.95,12221
2018.05.30,00:00,13.16,13.63,13.03,13.44,18114
2018.06.01,00:00,13.74,14.37,13.58,14.31,12023
2018.06.04,00:00,14.44,15.62,14.44,15.41,12127
2018.06.05,00:00,14.99,15.17,14.75,15,10339
2018.06.06,00:00,14.96,14.96,14.14,14.17,9639
2018.06.07,00:00,14.06,14.06,11.82,13.19,21010
2018.06.08,00:00,13.56,13.6,12.33,13.08,15855
2018.06.11,00:00,13.33,13.73,13.03,13.17,8264
2018.06.12,00:00,13.33,13.87,13.19,13.63,7854
2018.06.13,00:00,13.8,14.07,13.46,13.93,7469
2018.06.14,00:00,14.01,15,14.01,14.8,14237
2018.06.15,00:00,15,15.04,14.26,14.85,8767
2018.06.18,00:00,14.68,14.81,14.38,14.6,4904
2018.06.19,00:00,14.43,15.47,14.29,15.33,8719
2018.06.20,00:00,15.51,16.05,15.08,15.08,9320
2018.06.21,00:00,15.12,15.52,15.01,15.07,7107
2018.06.22,00:00,15.37,15.45,15.11,15.22,5332
2018.06.25,00:00,15.31,15.41,14.91,15.22,6066
2018.06.26,00:00,15.31,15.52,15.15,15.34,8566
2018.06.27,00:00,15.36,15.43,15.02,15.06,4640
2018.06.28,00:00,15.06,15.52,15.06,15.31,5478
2018.06.29,00:00,15.49,15.94,15.46,15.86,6565
2018.07.02,00:00,15.77,15.98,15.51,15.55,3858
2018.07.03,00:00,15.72,15.84,15.34,15.44,4132
2018.07.04,00:00,15.57,15.67,15.35,15.41,2915
2018.07.05,00:00,15.49,15.49,14.8,14.87,5959
2018.07.06,00:00,15,15.15,14.36,15.09,8615
2018.07.10,00:00,15.25,15.36,14.58,14.63,7578
2018.07.11,00:00,14.5,14.91,14.07,14.19,5761
2018.07.12,00:00,14.63,15.29,14.4,15.29,7929
2018.07.13,00:00,15.32,15.81,15.23,15.57,7103
2018.07.16,00:00,15.62,15.95,15.51,15.83,5931
2018.07.17,00:00,15.82,16.41,15.75,16.36,6607
2018.07.18,00:00,16.46,16.73,15.69,15.74,8044
2018.07.19,00:00,15.77,15.99,15.37,15.99,7206
2018.07.20,00:00,16.36,16.46,16.01,16.23,5693
2018.07.23,00:00,16.15,16.21,15.91,16.09,3000
2018.07.24,00:00,16.26,16.61,16.25,16.58,4732
2018.07.25,00:00,16.65,16.79,16.3,16.49,5685
2018.07.26,00:00,16.59,16.59,16.19,16.31,4879
2018.07.27,00:00,16.37,16.51,16.05,16.09,4725
2018.07.30,00:00,16.05,16.35,16.04,16.11,4086
2018.07.31,00:00,16.08,16.39,16,16.39,3722
2018.08.01,00:00,16.37,16.73,16.3,16.64,4594
2018.08.02,00:00,16.67,16.96,16.67,16.96,4977
2018.08.03,00:00,16.98,17.1,16.77,16.98,5949
2018.08.06,00:00,17.04,17.16,16.78,17.11,5153
2018.08.07,00:00,18.41,18.41,17.88,18.08,16683
2018.08.08,00:00,17.94,18.05,17.3,17.36,7639
2018.08.09,00:00,17.45,18.22,17.17,18.22,7372
2018.08.10,00:00,17.99,18.08,17.19,17.23,6835
2018.08.13,00:00,17.25,17.53,16.94,17.48,5063
2018.08.14,00:00,17.67,17.73,17.45,17.58,3517
2018.08.15,00:00,17.35,17.4,17.05,17.19,5437
2018.08.16,00:00,17.57,17.57,16.89,16.89,4391
2018.08.17,00:00,16.86,16.98,16.36,16.57,6996
2018.08.20,00:00,16.57,17.15,16.52,17.15,4782
2018.08.21,00:00,17.11,17.41,16.24,16.42,7758
2018.08.22,00:00,16.59,16.84,16.12,16.64,5629
2018.08.23,00:00,16.67,17.04,16.29,16.46,8212
2018.08.24,00:00,16.73,16.85,16.27,16.36,5259
2018.08.27,00:00,16.56,16.7,16.22,16.29,4915
2018.08.28,00:00,16.31,16.49,15.69,16.03,9045
2018.08.29,00:00,16.13,16.55,16.13,16.38,6288
2018.08.30,00:00,16.3,16.57,15.74,15.82,5129
2018.08.31,00:00,16.11,16.16,15.84,16.14,5561
2018.09.03,00:00,15.99,15.99,15.59,15.68,3415
2018.09.04,00:00,15.69,15.71,14.59,14.63,10724
2018.09.05,00:00,14.59,15.21,14.51,15.1,6778
2018.09.06,00:00,15.37,15.6,15.19,15.52,5631
2018.09.10,00:00,15.64,15.77,14.74,15.11,9313
2018.09.11,00:00,14.76,15,14.66,14.76,5009
2018.09.12,00:00,14.99,15.06,14.65,14.8,5815
2018.09.13,00:00,14.88,14.88,14.24,14.31,6828
2018.09.14,00:00,14.28,14.59,14.18,14.38,5502
2018.09.17,00:00,14.37,14.78,14.3,14.74,4180
2018.09.18,00:00,14.71,15.49,14.65,15.42,6872
2018.09.19,00:00,15.25,15.31,14.75,14.75,6284
2018.09.20,00:00,15.12,15.15,14.52,14.69,5425
2018.09.21,00:00,14.81,15.54,14.73,15.37,7499
2018.09.24,00:00,15.25,15.25,14.86,15.05,5598
2018.09.25,00:00,14.66,15.49,14.64,15.26,4497
2018.09.26,00:00,15.26,15.49,15.12,15.14,6723
2018.09.27,00:00,15.28,15.67,15.25,15.39,5811
2018.09.28,00:00,15.31,15.56,15.15,15.18,4313
2018.10.01,00:00,15.3,15.45,15,15.2,3127
2018.10.02,00:00,15.44,16.26,15.44,16.16,8719
2018.10.03,00:00,16.99,17.42,16.98,17.27,13770
2018.10.04,00:00,16.92,17.33,16.53,17.29,8692
2018.10.05,00:00,17.68,17.87,17.33,17.6,10138
2018.10.08,00:00,18.47,18.74,18.24,18.41,9663
2018.10.09,00:00,18.34,18.84,18.17,18.62,7579
2018.10.10,00:00,18.41,18.57,17.81,17.81,6817
2018.10.11,00:00,18.1,18.81,18.09,18.68,9327
2018.10.15,00:00,18.96,19.21,18.48,18.59,6471
2018.10.16,00:00,18.96,19.86,18.78,19.73,9478
2018.10.17,00:00,19.52,20.2,19.32,20.05,9354
2018.10.18,00:00,20.04,20.04,19.68,19.94,7270
2018.10.19,00:00,20.09,21.3,19.96,20.95,7333
2018.10.22,00:00,21.07,21.57,20.7,20.71,7736
2018.10.23,00:00,20.56,21.22,20.36,20.96,7705
2018.10.24,00:00,21.06,21.25,20.82,20.82,4445
2018.10.25,00:00,21.04,21.15,20.45,20.85,7606
2018.10.26,00:00,20.92,20.93,20.37,20.68,8195
2018.10.29,00:00,21.32,21.53,20.28,20.63,6847
2018.10.30,00:00,20.84,21.01,20.41,20.98,8613
2018.10.31,00:00,21.07,21.3,20.56,20.92,6342
2018.11.01,00:00,21.07,21.18,20.7,21.06,5472
2018.11.05,00:00,21.11,21.47,20.86,21.44,5492
2018.11.06,00:00,20.64,20.72,19.48,19.65,15378
2018.11.07,00:00,20.08,20.12,18.07,18.7,20986
2018.11.08,00:00,18.66,19.09,18.28,18.29,9655
2018.11.09,00:00,18.35,18.4,17.74,18.15,9056
2018.11.12,00:00,18.22,19.28,18.01,19.03,9414
2018.11.13,00:00,19.2,19.68,18.91,19.02,9183
2018.11.14,00:00,19.13,19.37,18.53,19.27,6271
2018.11.16,00:00,19.45,19.55,19.21,19.4,6319
2018.11.19,00:00,19.46,19.56,19.12,19.36,3096
2018.11.21,00:00,19.19,19.44,18.87,19.24,4674
2018.11.22,00:00,19.23,19.83,19.21,19.83,5618
2018.11.23,00:00,19.86,20.39,19.85,20.12,5691
2018.11.26,00:00,20.33,20.57,19.59,19.61,6889
2018.11.27,00:00,19.87,20.93,19.73,20.92,6904
2018.11.28,00:00,20.7,21.49,20.58,21.08,9618
2018.11.29,00:00,20.64,21.26,20.21,21.23,8466
2018.11.30,00:00,21.01,21.2,20.39,20.41,7127
2018.12.03,00:00,20.82,20.86,19.91,20.1,5085
2018.12.04,00:00,20.21,20.81,19.92,20.43,8050
2018.12.05,00:00,20.43,20.63,20.27,20.44,2535
2018.12.06,00:00,20.14,20.61,20.02,20.49,4113
2018.12.07,00:00,20.39,20.73,20.21,20.37,4231
2018.12.10,00:00,20.37,20.55,19.88,19.9,3586
2018.12.11,00:00,20.2,20.4,19.94,20.38,3551
2018.12.12,00:00,20.43,20.85,20.43,20.82,4980
2018.12.13,00:00,20.84,21.03,20.73,20.76,3231
2018.12.14,00:00,20.91,21.38,20.79,21.15,5442
2018.12.17,00:00,21.15,21.32,21.01,21.08,4313
2018.12.18,00:00,21.16,21.81,21.03,21.8,5025
2018.12.19,00:00,21.83,22.39,21.83,21.94,5360
2018.12.20,00:00,22.13,22.31,21.45,22.06,5564
2018.12.21,00:00,21.93,22.65,21.82,22.65,5053
2018.12.26,00:00,22.56,22.57,21.88,21.91,3987
2018.12.27,00:00,22,22.21,21.51,21.57,3695
2018.12.28,00:00,21.82,22.44,21.82,22.44,3935
2019.01.02,00:00,22.43,23.12,22.25,23.12,4753
2019.01.03,00:00,22.99,23.06,22.29,22.87,4768
2019.01.04,00:00,22.88,22.92,22.17,22.18,5263
2019.01.07,00:00,22.13,22.68,22.03,22.52,3973
2019.01.08,00:00,22.57,22.68,22.25,22.34,3652
2019.01.09,00:00,22.5,22.62,22.09,22.26,4708
2019.01.10,00:00,22.25,22.51,22.1,22.48,5159
2019.01.11,00:00,22.5,22.57,22.06,22.08,5157
2019.01.14,00:00,22.11,22.34,21.88,22.25,3775
2019.01.15,00:00,22.37,22.49,21.82,22,5295
2019.01.16,00:00,22.01,22.13,21.53,21.75,7443
2019.01.17,00:00,21.63,21.9,21.47,21.69,6092
2019.01.18,00:00,21.81,21.98,21.57,21.65,4495
2019.01.21,00:00,21.63,21.66,20.76,20.76,6336
2019.01.22,00:00,20.28,20.75,19.97,20.14,9991
2019.01.23,00:00,20.38,21.15,20.24,21.08,6052
2019.01.24,00:00,21.2,21.29,20.53,20.82,6844
2019.01.28,00:00,20.63,20.94,20.39,20.81,4832
2019.01.29,00:00,20.9,22.34,20.88,22.14,9465
2019.01.30,00:00,22.37,22.62,21.52,21.9,6409
2019.01.31,00:00,22.06,22.5,21.59,22.26,5269
2019.02.01,00:00,22.25,22.43,21.89,22.23,4054
2019.02.04,00:00,22.06,22.14,21.69,22.01,3582
2019.02.05,00:00,21.99,22.05,21.73,21.81,2630
2019.02.06,00:00,21.69,21.69,20.94,21.09,4620
2019.02.07,00:00,21.21,21.8,20.73,20.73,6026
2019.02.08,00:00,20.88,21.13,20.46,21.13,3849
2019.02.11,00:00,21.13,21.13,20.45,20.55,4213
2019.02.12,00:00,20.76,20.91,20.3,20.48,5298
2019.02.13,00:00,20.58,20.63,19.67,20.05,7498
2019.02.14,00:00,20.2,21.25,19.89,21.22,5633
2019.02.15,00:00,21.07,21.13,20.38,20.38,5465
2019.02.18,00:00,20.37,20.95,20.2,20.95,2633
2019.02.19,00:00,20.88,21.38,20.83,21.09,6068
2019.02.20,00:00,21.36,21.36,20.17,20.2,9485
2019.02.21,00:00,20.4,20.45,19.83,20.03,7211
2019.02.22,00:00,21.13,22.52,20.63,22.11,19969
2019.02.25,00:00,22.22,22.36,21.59,21.59,8162
2019.02.26,00:00,21.51,22.36,21.28,22.19,6448
2019.02.27,00:00,22.19,22.32,21.73,21.88,5034
2019.02.28,00:00,21.86,22,21.14,21.56,6428
2019.03.01,00:00,21.74,22.25,21.53,21.78,6105
2019.03.06,00:00,21.77,21.8,21.27,21.33,3066
2019.03.07,00:00,21.32,22.12,21.19,22.02,5820
2019.03.08,00:00,21.86,22.79,21.6,22.48,8332
2019.03.11,00:00,22.47,22.85,22.16,22.69,5923
2019.03.12,00:00,22.5,22.56,22.12,22.23,3624
2019.03.13,00:00,22.16,22.32,21.83,22.04,3909
2019.03.14,00:00,22,22.2,21.82,21.94,2221
2019.03.15,00:00,22.13,22.19,21.82,22.03,3518
2019.03.18,00:00,22,22.56,21.9,22.43,3935
2019.03.19,00:00,22.34,22.72,22.29,22.46,3880
2019.03.20,00:00,22.46,22.66,22.27,22.58,3063
2019.03.21,00:00,22.44,22.65,22.25,22.65,5281
2019.03.22,00:00,22.36,22.61,21.47,21.54,7132
2019.03.25,00:00,21.6,21.93,21.2,21.52,6415
2019.03.26,00:00,21.74,21.95,21.6,21.95,4199
2019.03.27,00:00,21.75,21.75,20.68,20.88,8394
2019.03.28,00:00,21.01,21.43,20.53,21.23,8890
2019.03.29,00:00,21.4,21.62,21.26,21.49,3648
2019.04.01,00:00,21.62,21.72,21.29,21.29,3006
2019.04.02,00:00,21.38,21.44,20.57,20.65,5997
2019.04.03,00:00,20.88,21.47,20.73,21.02,6970
2019.04.04,00:00,21.13,21.3,20.82,21.01,3345
2019.04.05,00:00,21.02,21.22,20.83,21.13,3726
2019.04.08,00:00,21.09,21.16,20.52,20.73,5269
2019.04.09,00:00,20.65,20.93,20.32,20.67,6178
2019.04.10,00:00,20.76,20.97,20.57,20.97,3260
2019.04.11,00:00,20.93,20.93,20.39,20.63,4006
2019.04.12,00:00,20.4,20.96,20.17,20.49,4921
2019.04.15,00:00,20.63,20.74,20.19,20.32,4042
2019.04.16,00:00,20.33,20.65,20.13,20.27,4218
2019.04.17,00:00,20.38,20.52,19.75,19.91,6916
2019.04.18,00:00,20.03,21.34,19.98,21.28,6173
2019.04.22,00:00,21.17,21.2,20.7,20.83,2759
2019.04.23,00:00,20.93,21.36,20.93,21.3,2856
2019.04.24,00:00,21.26,21.55,20.99,21.49,4432
2019.04.25,00:00,21.31,21.8,21.19,21.8,3320
2019.04.26,00:00,21.93,22.42,21.85,22.3,5455
2019.04.29,00:00,22.3,22.43,22.09,22.24,3195
2019.04.30,00:00,22.87,23.83,22.8,23.83,10740
2019.05.02,00:00,23.52,23.99,23.41,23.76,6800
2019.05.03,00:00,23.8,24.79,23.8,24.45,6270
2019.05.06,00:00,24.29,25.04,24.17,24.94,7624
2019.05.07,00:00,25.1,25.21,23.83,23.94,8878
2019.05.08,00:00,23.93,24.36,23.93,24.11,4558
2019.05.09,00:00,24.03,24.03,23.16,23.16,5695
2019.05.10,00:00,23.3,23.51,22.56,23.24,5443
2019.05.13,00:00,22.99,23.08,22.43,22.43,5337
2019.05.14,00:00,22.8,23.05,22.18,22.21,5125
2019.05.15,00:00,21.96,21.96,21.39,21.55,7160
2019.05.16,00:00,21.45,21.53,20.78,20.81,11856
2019.05.17,00:00,20.57,21.53,20.57,21.03,6640
2019.05.20,00:00,21.18,21.83,21.08,21.55,5441
2019.05.21,00:00,21.91,22.64,21.88,22.35,6225
2019.05.22,00:00,22.55,22.95,22.18,22.46,5454
2019.05.23,00:00,22.14,22.71,21.82,22.48,5229
2019.05.24,00:00,22.74,22.86,21.93,22.03,4404
2019.05.27,00:00,22.55,22.68,22.18,22.18,2753
2019.05.28,00:00,22.46,23.55,22.44,23.55,7176
2019.05.29,00:00,23.71,24.34,23.31,23.58,7484
2019.05.30,00:00,23.67,24.22,23.62,24.03,4478
2019.05.31,00:00,23.92,24.42,23.88,24.42,5066
2019.06.03,00:00,24.54,24.77,24.11,24.26,4924
2019.06.04,00:00,24.67,24.79,23.92,24.23,4691
2019.06.05,00:00,24.42,24.57,23.43,23.82,4221
2019.06.06,00:00,24.17,24.17,23.44,23.67,4109
2019.06.07,00:00,23.77,24.72,23.74,24.72,4972
2019.06.10,00:00,24.73,25.47,24.48,25.23,5892
2019.06.11,00:00,25.42,26.1,25.37,25.81,5628
2019.06.12,00:00,25.67,25.68,25.04,25.31,7321
2019.06.13,00:00,25.67,26.19,25.6,26.11,5933
2019.06.14,00:00,26.04,26.79,25.59,26.36,6873
2019.06.17,00:00,26.43,26.91,25.77,25.85,6350
2019.06.18,00:00,26.24,26.49,25.79,25.93,5867
2019.06.19,00:00,25.79,26.29,25.55,26.16,6194
2019.06.21,00:00,26.29,26.66,26.27,26.49,5892
2019.06.24,00:00,26.43,26.65,25.99,26.16,4438
2019.06.25,00:00,26.04,26.29,25.73,25.73,4921
2019.06.26,00:00,25.91,26.17,25.79,25.97,4112
2019.06.27,00:00,25.95,26.1,25.6,26,4290
2019.06.28,00:00,26.09,26.3,25.84,26.3,4011
2019.07.01,00:00,26.41,26.61,26.06,26.19,3755
2019.07.02,00:00,26.26,26.47,26.04,26.47,4374
2019.07.03,00:00,26.39,27.52,26.32,27.52,7007
2019.07.04,00:00,27.74,27.91,27.55,27.55,4232
2019.07.05,00:00,27.66,28.43,27.47,28.17,5692
2019.07.08,00:00,28.17,28.8,28.06,28.58,6063
2019.07.10,00:00,28.81,29.39,28.81,29.09,6832
2019.07.11,00:00,29.38,29.38,28.55,28.75,6648
2019.07.12,00:00,29.28,29.95,28.9,28.91,12019
2019.07.15,00:00,29.28,29.33,28.66,28.74,5701
2019.07.16,00:00,28.89,29.18,28.84,29.15,4049
2019.07.17,00:00,29.54,31.26,29.54,30.45,13086
2019.07.18,00:00,30.84,31.2,30.54,30.77,6072
2019.07.19,00:00,31.02,31.07,29.66,29.66,7797
2019.07.22,00:00,30.03,30.83,29.78,30.82,8797
2019.07.23,00:00,31.02,31.09,30.07,30.15,5384
2019.07.24,00:00,30.27,31.03,30.27,30.63,4410
2019.07.25,00:00,30.86,30.93,30.17,30.46,4710
2019.07.26,00:00,30.68,31.62,30.51,31.4,6354
2019.07.29,00:00,31.4,32.95,31.23,32.87,7178
2019.07.30,00:00,32.87,33.82,32.77,32.96,10551
2019.07.31,00:00,33.38,33.64,32.44,32.86,9528
2019.08.01,00:00,33.58,34.79,33.43,34.45,11138
2019.08.02,00:00,34.96,35.48,34.57,35.33,8334
2019.08.05,00:00,35.13,35.13,34.3,34.39,11149
2019.08.06,00:00,35.47,36.94,35.41,36.48,43857
2019.08.07,00:00,36.78,36.78,35.12,36.19,31576
2019.08.08,00:00,36.58,37.22,36.43,37.02,30977
2019.08.09,00:00,37.03,38.53,37.02,37.66,32063
2019.08.12,00:00,37.65,37.65,35.85,36.3,32252
2019.08.13,00:00,37.48,38.17,37.3,37.73,40546
2019.08.14,00:00,37.25,38.12,36.46,36.83,37293
2019.08.15,00:00,37.38,37.9,35.99,36.19,25789
2019.08.16,00:00,37.47,37.73,36.28,37.44,24302
2019.08.19,00:00,37.94,38.07,37.18,37.71,17624
2019.08.20,00:00,37.53,37.56,36.09,36.41,29994
2019.08.21,00:00,36.65,37.1,36.42,36.42,17986
2019.08.22,00:00,36.58,36.78,34.17,34.32,34627
2019.08.23,00:00,33.54,34.86,32.87,33.67,46538
2019.08.26,00:00,34.74,34.88,33.14,33.59,24437
2019.08.27,00:00,34.15,34.81,33.71,34.1,26179
2019.08.28,00:00,33.9,34.86,33.39,34.79,22433
2019.08.29,00:00,35.47,37.14,35.23,37.14,31448
2019.08.30,00:00,37.48,37.81,35.79,36.17,26842
2019.09.02,00:00,36.38,36.82,35.96,36.49,13509
2019.09.03,00:00,36.16,37.26,35.66,35.76,21425
2019.09.04,00:00,36.54,37.08,36.23,37.08,22598
2019.09.05,00:00,37.38,37.67,36.53,36.58,20347
2019.09.06,00:00,36.86,36.94,35.73,35.88,20946
2019.09.09,00:00,35.97,36.04,33.4,34.09,39450
2019.09.10,00:00,32.89,33.2,31.53,32.39,69907
2019.09.11,00:00,33.59,34.54,33.04,34.49,39212
2019.09.12,00:00,34.88,35.27,33.77,34.88,35922
2019.09.13,00:00,35.1,35.15,33.94,33.99,22465
2019.09.16,00:00,33.69,34.76,32.66,34.76,28406
2019.09.17,00:00,34.03,35.06,33.72,34.74,28688
2019.09.18,00:00,34.39,35.08,34.34,34.94,18817
2019.09.19,00:00,35.28,36.23,35.28,35.69,28385
2019.09.20,00:00,35.82,36.44,35.33,36.44,22436
2019.09.23,00:00,36.46,36.46,35.62,35.87,16705
2019.09.24,00:00,35.98,36.88,35.85,36.65,25485
2019.09.25,00:00,36.43,36.75,35.63,36.6,19607
2019.09.26,00:00,36.69,37.15,36.39,36.45,20772
2019.09.27,00:00,36.44,36.72,36.03,36.68,12717
2019.09.30,00:00,36.63,37.1,36.42,36.92,13617
2019.10.01,00:00,37.03,37.33,36.59,37.33,18606
2019.10.02,00:00,37.03,37.17,36.15,36.38,23382
2019.10.03,00:00,36.44,37.18,35.93,37.18,17172
2019.10.04,00:00,37.28,38.79,37.18,38.65,34028
2019.10.07,00:00,38.47,39.62,38.03,38.27,31980
2019.10.08,00:00,38.57,38.9,37.8,37.94,27923
2019.10.09,00:00,38.23,39.61,38.21,39.58,27641
2019.10.10,00:00,39.63,39.91,38.73,38.87,19523
2019.10.11,00:00,39.41,40.68,39.29,40.43,32209
2019.10.14,00:00,39.93,42.1,39.83,42.1,26896
2019.10.15,00:00,42.13,42.73,41.16,41.73,27641
2019.10.16,00:00,41.54,42.81,40.9,42.69,29085
2019.10.17,00:00,42.63,44.27,42.53,43.1,34897
2019.10.18,00:00,43.37,43.88,42.28,42.93,22394
2019.10.21,00:00,43.28,43.48,42.35,43.03,19137
2019.10.22,00:00,43.12,43.91,43.1,43.65,19049
2019.10.23,00:00,43.52,43.92,42.85,43.42,23572
2019.10.24,00:00,43.42,43.88,43.09,43.18,18335
2019.10.25,00:00,43.31,43.43,41.93,41.93,24306
2019.10.28,00:00,42.13,43.11,41.98,42.6,26380
2019.10.29,00:00,43.11,43.32,40.56,41.08,36461
2019.10.30,00:00,42.79,44.36,42.18,43.95,62095
2019.10.31,00:00,43.28,44.56,42.5,44.56,47704
2019.11.01,00:00,44.87,47.22,44.83,47.11,54927
2019.11.04,00:00,48.06,48.71,44.69,44.89,72198
2019.11.05,00:00,45.24,46.2,43.45,43.97,52613
2019.11.06,00:00,44.42,45.22,43.42,45.12,32923
2019.11.07,00:00,45.53,45.82,44.09,44.12,28340
2019.11.08,00:00,43.44,44.71,42.88,43.74,32056
2019.11.11,00:00,43.43,45.4,43.17,44.94,30456
2019.11.12,00:00,45.12,45.38,43,43.33,47349
2019.11.13,00:00,42.79,42.81,41.63,42.43,56381
2019.11.14,00:00,42.63,44.38,42.5,44.17,51668
2019.11.18,00:00,44.92,45.11,43.7,44.9,46505
2019.11.19,00:00,44.9,45.17,43.46,44.44,35240
2019.11.21,00:00,44.81,45.01,44.17,44.92,28137
2019.11.22,00:00,44.62,45.61,44.48,45.41,33351
2019.11.25,00:00,45.42,45.43,44.22,44.22,31610
2019.11.26,00:00,44.12,44.21,42.44,42.97,40584
2019.11.27,00:00,43.38,45.52,43.13,45.52,40581
2019.11.28,00:00,45.25,45.97,44.75,45.52,30836
2019.11.29,00:00,45.72,45.83,44.95,44.95,33708
2019.12.02,00:00,45.37,45.57,44.44,44.84,24945
2019.12.03,00:00,45.11,45.13,43.93,44.51,25230
2019.12.04,00:00,44.62,45.67,43.93,44,36719
2019.12.05,00:00,44.2,45.11,44,44.81,29075
2019.12.06,00:00,44.94,45.51,44.72,45.32,24760
2019.12.09,00:00,45.32,46.42,45.24,45.77,32563
2019.12.10,00:00,45.86,46.52,45.22,46.52,26359
2019.12.11,00:00,46.8,47.82,46.57,47.5,30682
2019.12.12,00:00,47.88,48.29,47.45,47.75,28496
2019.12.13,00:00,48.22,49.58,47.92,48.99,35184
2019.12.16,00:00,49.41,49.8,48.58,49.22,30185
2019.12.17,00:00,49.31,49.31,47.15,47.8,39899
2019.12.18,00:00,48.07,48.92,47.58,48.45,23418
2019.12.19,00:00,48.45,48.65,47.82,48.54,18796
2019.12.20,00:00,48.54,48.95,47.88,48.51,21230
2019.12.23,00:00,48.52,49.17,48.32,48.66,20156
2019.12.26,00:00,48.72,49.02,48.55,49.01,18970
2019.12.27,00:00,49.07,49.33,48.07,48.65,21591
2019.12.30,00:00,48.72,48.91,47.43,47.62,22652
2020.01.02,00:00,48.25,49.28,47.66,49.28,24821
2020.01.03,00:00,48.45,49.28,48.25,48.84,17631
2020.01.06,00:00,48.35,49.26,47.75,48.88,21936
2020.01.07,00:00,48.89,49.15,48.45,48.74,19403
2020.01.08,00:00,48.57,50.29,48.45,50.23,27242
2020.01.09,00:00,50.44,52.17,50.36,52.02,32409
2020.01.10,00:00,52.03,52.99,50.99,51.74,27155
2020.01.13,00:00,52.14,54.17,52.09,54.17,25547
2020.01.14,00:00,53.94,54.99,53.54,53.94,25011
2020.01.15,00:00,53.62,54.3,53.14,53.6,25802
2020.01.16,00:00,54.14,54.66,52.24,53.4,28357
2020.01.17,00:00,53.74,54.37,53.04,54.29,20842
2020.01.20,00:00,54.06,55.94,53.99,55.94,22624
2020.01.21,00:00,55.66,56.68,55.55,55.85,26527
2020.01.22,00:00,56.45,57.04,54.77,55.63,28281
2020.01.23,00:00,55.62,56.66,54.87,56.52,22538
2020.01.24,00:00,56.71,56.99,55.94,56.09,19085
2020.01.27,00:00,54.99,55.24,53.69,53.74,26211
2020.01.28,00:00,53.95,56.93,53.95,56.93,28479
2020.01.29,00:00,57.45,58.03,56.59,57.23,31086
2020.01.30,00:00,56.31,56.64,54.96,56.44,35732
2020.01.31,00:00,55.58,57.09,55.14,55.74,31986
2020.02.03,00:00,56.42,56.89,55.6,56.47,24025
2020.02.04,00:00,57.54,58.61,57.07,57.6,30176
2020.02.05,00:00,58.44,58.78,56.97,57.24,26930
2020.02.06,00:00,57.94,58.09,55.74,55.77,29347
2020.02.07,00:00,55.64,55.87,53.44,54.17,33026
2020.02.10,00:00,53.94,55.47,51.48,52.32,39330
2020.02.11,00:00,53.14,54.74,51.67,54.21,30390
2020.02.12,00:00,54.47,56.49,54.19,55.88,37579
2020.02.13,00:00,54.86,57.24,54.04,56.99,38084
2020.02.14,00:00,57.54,57.9,55.94,56.27,28996
2020.02.17,00:00,57.94,59.85,57.09,58.79,55615
2020.02.18,00:00,58.19,59.04,57.44,58.16,34150
2020.02.19,00:00,58.29,58.84,57.55,57.8,31465
2020.02.20,00:00,57.87,58.07,55.77,56.48,37056
2020.02.21,00:00,55.59,57.76,55.34,56.39,34902
2020.02.26,00:00,53,53.99,51.7,52.82,52179
2020.02.27,00:00,51.94,53.34,49.97,50.19,53849
2020.02.28,00:00,48.95,50.46,47.17,50.46,69687
2020.03.02,00:00,50.64,53.38,49.77,52.49,56055
2020.03.03,00:00,52.62,54.74,51.61,52.79,53451
2020.03.04,00:00,54.34,54.4,51.81,52.39,39013
2020.03.05,00:00,51.94,51.94,46.55,47.74,68158
2020.03.06,00:00,44.08,46.36,43,45.28,86296
2020.03.09,00:00,38.98,42.31,38.74,40.32,71804
2020.03.10,00:00,44.95,46.96,42.23,46.94,63099
2020.03.11,00:00,44.95,46.72,39.86,43.03,65151
2020.03.12,00:00,35.96,38.79,30.54,33.96,23854
2020.03.13,00:00,42.45,42.71,34.17,41.95,90027
2020.03.16,00:00,34.96,39.87,34.03,34.03,66160
2020.03.17,00:00,36.08,37.64,32.81,35.53,74791
2020.03.18,00:00,31.98,33.58,26.44,28.78,75355
2020.03.19,00:00,27.47,31.34,24.97,30.52,81921
2020.03.20,00:00,32.76,36.03,30.62,30.62,73856
2020.03.23,00:00,32.46,32.89,29.53,30.18,60007
2020.03.24,00:00,33.68,37.75,33.68,36.64,62483
2020.03.25,00:00,36.86,43.3,36.68,39.96,89017
2020.03.26,00:00,40.6,44.35,40.22,41.07,71124
2020.03.27,00:00,38.65,40.7,37.61,38.96,48059
2020.03.30,00:00,40.95,41.97,39.76,41.55,47970
2020.03.31,00:00,42.43,43.15,38.77,38.95,67900
2020.04.01,00:00,37.36,39.09,36.03,37.44,59657
2020.04.02,00:00,38.18,38.66,35.07,35.85,63315
2020.04.03,00:00,35.3,35.61,33.29,35.5,56452
2020.04.06,00:00,38.36,39.34,37.18,38.16,50758
2020.04.07,00:00,41.39,42.55,40.05,40.05,53221
2020.04.08,00:00,40.23,42.15,39.4,41.91,44103
2020.04.09,00:00,42.77,43.65,41.21,41.6,41466
2020.04.13,00:00,41.04,42.05,40.63,41.86,30527
2020.04.14,00:00,42.85,43.35,42.29,42.85,33868
2020.04.15,00:00,42.05,44.27,41.45,43.8,44040
2020.04.16,00:00,44.6,45.95,44.15,45.52,52950
2020.04.17,00:00,46.63,46.84,43.85,44.54,47270
2020.04.20,00:00,43.67,48.5,43.2,48.43,56759
2020.04.22,00:00,49.45,52.12,49.05,50.49,80692
2020.04.23,00:00,51.8,52.44,48.53,49.42,53812
2020.04.24,00:00,48.34,49.1,42.63,47.33,90395
2020.04.27,00:00,49.18,49.95,47.95,49.45,54456
2020.04.28,00:00,50.94,51.74,50.09,51.74,50153
2020.04.29,00:00,52.54,52.83,50.09,50.56,58100
2020.04.30,00:00,49.81,51.49,49.06,49.65,38066
2020.05.04,00:00,47.95,51.62,47.26,51.38,45310
2020.05.05,00:00,52.09,52.74,50.09,50.14,35858
2020.05.06,00:00,52.16,56.02,51.96,55.09,95200
2020.05.07,00:00,56.44,58.14,53.33,56.73,77905
2020.05.08,00:00,57.86,57.86,54.69,55.48,47837
2020.05.11,00:00,55.38,56.49,54.5,54.89,34934
2020.05.12,00:00,55.44,56.94,54,54.74,39253
2020.05.13,00:00,55.54,55.88,54.37,55.04,44757
2020.05.14,00:00,54.74,55.65,53.74,55.44,42708
2020.05.15,00:00,54.94,56.19,54.24,55.07,33638
2020.05.18,00:00,56.43,56.63,55.04,55.69,37543
2020.05.19,00:00,55.88,59.18,55.64,58.52,48641
2020.05.20,00:00,58.94,59.43,56.82,56.84,44689
2020.05.21,00:00,57.54,59.04,57.02,58.23,41785
2020.05.22,00:00,57.83,59.23,57.09,57.59,37986
2020.05.25,00:00,59.13,60.93,58.82,60.33,37489
2020.05.26,00:00,63.13,68.06,63.08,64.41,87206
2020.05.27,00:00,66.79,67.7,64.68,67.29,53095
2020.05.28,00:00,67.18,67.47,64.43,65.18,52232
2020.05.29,00:00,65.23,65.62,63.93,64.28,41417
2020.06.01,00:00,63.93,64.59,62.68,63.63,32924
2020.06.02,00:00,64.54,64.91,61.34,61.73,69464
2020.06.03,00:00,62.81,63.41,60.11,62.31,71853
2020.06.04,00:00,61.56,62.08,59.94,60.42,51482
2020.06.05,00:00,61.93,62.02,58.46,59.38,63302
2020.06.08,00:00,59.94,63.21,59.23,62.31,68548
2020.06.09,00:00,61.11,63.62,60.83,62.31,41815
2020.06.10,00:00,62.93,64.99,61.07,64.53,68744
2020.06.12,00:00,62.75,64.93,62.44,63.88,67708
2020.06.15,00:00,62.77,65.78,62.15,65.78,49066
2020.06.16,00:00,66.53,67.4,64.53,65.93,55473
2020.06.17,00:00,66.34,68.58,65.86,67.12,47497
2020.06.18,00:00,67.11,70.84,65.85,69.62,69336
2020.06.19,00:00,70.9,71.66,70.34,71.32,51459
2020.06.22,00:00,71.54,72.26,70.11,70.82,34938
2020.06.23,00:00,71.48,72.01,70.17,70.17,24736
2020.06.24,00:00,70.12,71.5,68.13,69.72,40507
2020.06.25,00:00,69.83,70.62,68.66,69.61,29475
2020.06.26,00:00,69.41,70.83,68.57,69.27,28532
2020.06.29,00:00,70.09,70.33,68.27,70.33,28554
2020.06.30,00:00,69.75,72.82,69.56,71.57,43262
2020.07.01,00:00,71.9,72.42,70.82,72.22,32327
2020.07.02,00:00,72.67,73.17,70.02,70.02,37904
2020.07.03,00:00,70.12,71.97,69.22,71.92,25626
2020.07.06,00:00,72.73,73.1,71.52,71.91,30676
2020.07.07,00:00,71.82,74.71,70.99,74.64,39944
2020.07.08,00:00,75.17,76.62,74.74,76.62,41510
2020.07.09,00:00,76.92,79.49,76.16,79.31,41151
2020.07.10,00:00,79.2,80.91,78.86,80.09,41303
2020.07.13,00:00,80.52,82.11,80.12,80.41,39235
2020.07.14,00:00,80.66,82.26,79.35,80.41,52398
2020.07.15,00:00,81.21,81.81,80.78,81.41,39118
2020.07.16,00:00,81.01,81.71,79.05,80.09,39575
2020.07.17,00:00,80.41,82.13,80.39,81.91,35147
2020.07.20,00:00,82.27,87.06,82.02,86.9,42767
2020.07.21,00:00,88.61,89.4,83.63,84.21,63004
2020.07.22,00:00,83.91,85.97,82.07,84.56,46105
2020.07.23,00:00,84.99,85.31,78.41,80.31,53426
2020.07.24,00:00,79.79,79.81,77.13,79.58,62464
2020.07.27,00:00,80.56,81.86,78.41,79.26,42886
2020.07.28,00:00,79.23,81.01,78.43,80.31,30941
2020.07.29,00:00,80.88,81.33,79.43,80.12,26674
2020.07.30,00:00,79.11,83.36,78.98,83.2,43982
2020.07.31,00:00,84.2,84.75,80,80.71,43868
2020.08.03,00:00,81.21,82.8,79.76,82.57,39721
2020.08.04,00:00,81.45,83.2,80.82,82.5,33595
2020.08.05,00:00,83.3,84.43,82.9,83,30786
2020.08.06,00:00,84,86.19,83.5,85.91,45930
2020.08.07,00:00,85.2,87.5,84.34,85.65,48405
2020.08.10,00:00,86.18,86.3,81.12,81.93,57812
2020.08.11,00:00,82.7,82.99,80.23,80.99,47708
2020.08.12,00:00,81.31,82.13,79.2,80.06,45836
2020.08.13,00:00,80.6,84,79.46,80.45,62718
2020.08.14,00:00,80.61,82.43,80.2,81.76,44840
2020.08.17,00:00,82.5,83.47,79.39,81.65,54702
2020.08.18,00:00,85.5,89.8,84.01,89.5,103931
2020.08.19,00:00,89.01,90.23,88.22,89.7,49493
2020.08.20,00:00,88.16,88.27,86.15,87.35,53362
2020.08.21,00:00,86.96,88.7,86.4,87.35,36325
2020.08.24,00:00,88.18,89.08,86.61,87.08,32065
2020.08.25,00:00,87.9,88.71,87.41,88,33045
2020.08.26,00:00,88.11,91.5,87.96,90.15,67206
2020.08.27,00:00,90.42,92.12,90.42,91.98,45461
2020.08.28,00:00,92.5,94.58,91.9,94.58,38735
2020.08.31,00:00,94.51,94.52,92.36,93.22,35999
2020.09.01,00:00,94.2,96.25,93.67,95.33,36016
2020.09.02,00:00,95.9,96.42,93,93.51,42675
2020.09.03,00:00,93.81,94.3,87.2,88.5,88594
